book,pdf_page,printed_page,chapter,section,kind,words,embedded_images,drawings,status,output_md,review_notes
Brezis,1,,,,scan_without_ocr_layer,0,1,0,ai_review_passed,/home/moon/workspace/math_stat_ai/Functional Analysis/md/Brezis/front-matter.md,/home/moon/workspace/math_stat_ai/Functional Analysis/work/pdf-to-md/api/brezis/brezis-p0001-status.json
Brezis,2,,,,mixed_or_sparse,10,0,0,subagent_visual_reviewed,/home/moon/workspace/math_stat_ai/Functional Analysis/md/Brezis/front-matter.md,
Brezis,3,,,,image_or_sparse,0,0,0,source_blank_page,/home/moon/workspace/math_stat_ai/Functional Analysis/md/Brezis/front-matter.md,
Brezis,4,,,,mixed_or_sparse,12,0,0,subagent_visual_reviewed,/home/moon/workspace/math_stat_ai/Functional Analysis/md/Brezis/front-matter.md,
Brezis,5,,,,text_with_possible_math,241,0,0,subagent_visual_reviewed,/home/moon/workspace/math_stat_ai/Functional Analysis/md/Brezis/front-matter.md,
Brezis,6,,,,mixed_or_sparse,21,0,0,subagent_visual_reviewed,/home/moon/workspace/math_stat_ai/Functional Analysis/md/Brezis/front-matter.md,
Brezis,7,,,,image_or_sparse,0,0,0,source_blank_page,/home/moon/workspace/math_stat_ai/Functional Analysis/md/Brezis/front-matter.md,
Brezis,8,,,,text_with_possible_math,404,0,0,needs_further_review,/home/moon/workspace/math_stat_ai/Functional Analysis/md/Brezis/front-matter.md,/home/moon/workspace/math_stat_ai/Functional Analysis/work/pdf-to-md/api/brezis/brezis-p0008-status.json
Brezis,9,,,,text_with_possible_math,433,0,0,subagent_visual_reviewed,/home/moon/workspace/math_stat_ai/Functional Analysis/md/Brezis/front-matter.md,
Brezis,10,,,,mixed_or_sparse,46,0,0,subagent_visual_reviewed,/home/moon/workspace/math_stat_ai/Functional Analysis/md/Brezis/front-matter.md,
Brezis,11,,,,image_or_sparse,0,0,0,source_blank_page,/home/moon/workspace/math_stat_ai/Functional Analysis/md/Brezis/front-matter.md,
Brezis,12,,,,text_with_possible_math,142,0,1,ai_review_passed,/home/moon/workspace/math_stat_ai/Functional Analysis/md/Brezis/front-matter.md,/home/moon/workspace/math_stat_ai/Functional Analysis/work/pdf-to-md/api/brezis/brezis-p0012-status.json
Brezis,13,,,,text_with_possible_math,1501,0,1,subagent_visual_reviewed,/home/moon/workspace/math_stat_ai/Functional Analysis/md/Brezis/front-matter.md,
Brezis,14,,,,text_with_possible_math,1446,0,0,subagent_visual_reviewed,/home/moon/workspace/math_stat_ai/Functional Analysis/md/Brezis/front-matter.md,
Brezis,15,,,,image_or_sparse,0,0,0,source_blank_page,/home/moon/workspace/math_stat_ai/Functional Analysis/md/Brezis/front-matter.md,
Brezis,16,1,1. The Hahn–Banach Theorems. Introduction to the Theory of Conjugate Convex Functions,1.1 The Analytic Form of the Hahn–Banach Theorem: Extension of Linear Functionals,text_with_possible_math,316,0,1,ai_review_passed,/home/moon/workspace/math_stat_ai/Functional Analysis/md/Brezis/chapter-01.md,/home/moon/workspace/math_stat_ai/Functional Analysis/work/pdf-to-md/api/brezis/brezis-p0016-status.json
Brezis,17,2,1. The Hahn–Banach Theorems. Introduction to the Theory of Conjugate Convex Functions,1.1 The Analytic Form of the Hahn–Banach Theorem: Extension of Linear Functionals,text_with_possible_math,425,0,0,subagent_visual_reviewed,/home/moon/workspace/math_stat_ai/Functional Analysis/md/Brezis/chapter-01.md,
Brezis,18,3,1. The Hahn–Banach Theorems. Introduction to the Theory of Conjugate Convex Functions,1.1 The Analytic Form of the Hahn–Banach Theorem: Extension of Linear Functionals,text_with_possible_math,345,0,0,subagent_visual_reviewed,/home/moon/workspace/math_stat_ai/Functional Analysis/md/Brezis/chapter-01.md,
Brezis,19,4,1. The Hahn–Banach Theorems. Introduction to the Theory of Conjugate Convex Functions,1.2 The Geometric Forms of the Hahn–Banach Theorem: Separation of Convex Sets,text_with_possible_math,397,0,1,subagent_visual_reviewed,/home/moon/workspace/math_stat_ai/Functional Analysis/md/Brezis/chapter-01.md,
Brezis,20,5,1. The Hahn–Banach Theorems. Introduction to the Theory of Conjugate Convex Functions,1.2 The Geometric Forms of the Hahn–Banach Theorem: Separation of Convex Sets,text_with_possible_math,394,0,14,subagent_visual_reviewed,/home/moon/workspace/math_stat_ai/Functional Analysis/md/Brezis/chapter-01.md,
Brezis,21,6,1. The Hahn–Banach Theorems. Introduction to the Theory of Conjugate Convex Functions,1.2 The Geometric Forms of the Hahn–Banach Theorem: Separation of Convex Sets,text_with_possible_math,315,0,11,ai_review_passed,/home/moon/workspace/math_stat_ai/Functional Analysis/md/Brezis/chapter-01.md,/home/moon/workspace/math_stat_ai/Functional Analysis/work/pdf-to-md/api/brezis/brezis-p0021-status.json
Brezis,22,7,1. The Hahn–Banach Theorems. Introduction to the Theory of Conjugate Convex Functions,1.2 The Geometric Forms of the Hahn–Banach Theorem: Separation of Convex Sets,text_with_possible_math,371,0,1,subagent_visual_reviewed,/home/moon/workspace/math_stat_ai/Functional Analysis/md/Brezis/chapter-01.md,
Brezis,23,8,1. The Hahn–Banach Theorems. Introduction to the Theory of Conjugate Convex Functions,1.3 The Bidual Ε^{**}. Orthogonality Relations,text_with_possible_math,336,0,5,subagent_visual_reviewed,/home/moon/workspace/math_stat_ai/Functional Analysis/md/Brezis/chapter-01.md,
Brezis,24,9,1. The Hahn–Banach Theorems. Introduction to the Theory of Conjugate Convex Functions,1.3 The Bidual Ε^{**}. Orthogonality Relations,text_with_possible_math,348,0,23,subagent_visual_reviewed,/home/moon/workspace/math_stat_ai/Functional Analysis/md/Brezis/chapter-01.md,
Brezis,25,10,1. The Hahn–Banach Theorems. Introduction to the Theory of Conjugate Convex Functions,1.4 A Quick Introduction to the Theory of Conjugate Convex Functions,text_with_possible_math,340,0,10,subagent_visual_reviewed,/home/moon/workspace/math_stat_ai/Functional Analysis/md/Brezis/chapter-01.md,
Brezis,26,11,1. The Hahn–Banach Theorems. Introduction to the Theory of Conjugate Convex Functions,1.4 A Quick Introduction to the Theory of Conjugate Convex Functions,text_with_possible_math,357,0,9,subagent_visual_reviewed,/home/moon/workspace/math_stat_ai/Functional Analysis/md/Brezis/chapter-01.md,
Brezis,27,12,1. The Hahn–Banach Theorems. Introduction to the Theory of Conjugate Convex Functions,1.4 A Quick Introduction to the Theory of Conjugate Convex Functions,text_with_possible_math,273,0,19,subagent_visual_reviewed,/home/moon/workspace/math_stat_ai/Functional Analysis/md/Brezis/chapter-01.md,
Brezis,28,13,1. The Hahn–Banach Theorems. Introduction to the Theory of Conjugate Convex Functions,1.4 A Quick Introduction to the Theory of Conjugate Convex Functions,text_with_possible_math,344,0,13,subagent_visual_reviewed,/home/moon/workspace/math_stat_ai/Functional Analysis/md/Brezis/chapter-01.md,
Brezis,29,14,1. The Hahn–Banach Theorems. Introduction to the Theory of Conjugate Convex Functions,1.4 A Quick Introduction to the Theory of Conjugate Convex Functions,text_with_possible_math,269,0,16,subagent_visual_reviewed,/home/moon/workspace/math_stat_ai/Functional Analysis/md/Brezis/chapter-01.md,
Brezis,30,15,1. The Hahn–Banach Theorems. Introduction to the Theory of Conjugate Convex Functions,1.4 A Quick Introduction to the Theory of Conjugate Convex Functions,text_with_possible_math,346,0,6,subagent_visual_reviewed,/home/moon/workspace/math_stat_ai/Functional Analysis/md/Brezis/chapter-01.md,
Brezis,31,16,1. The Hahn–Banach Theorems. Introduction to the Theory of Conjugate Convex Functions,1.4 A Quick Introduction to the Theory of Conjugate Convex Functions,text_with_possible_math,253,0,10,subagent_visual_reviewed,/home/moon/workspace/math_stat_ai/Functional Analysis/md/Brezis/chapter-01.md,
Brezis,32,17,1. The Hahn–Banach Theorems. Introduction to the Theory of Conjugate Convex Functions,Comments on Chapter 1,text_with_possible_math,384,0,1,subagent_visual_reviewed,/home/moon/workspace/math_stat_ai/Functional Analysis/md/Brezis/chapter-01.md,
Brezis,33,18,1. The Hahn–Banach Theorems. Introduction to the Theory of Conjugate Convex Functions,Comments on Chapter 1,text_with_possible_math,539,0,0,subagent_visual_reviewed,/home/moon/workspace/math_stat_ai/Functional Analysis/md/Brezis/chapter-01.md,
Brezis,34,19,1. The Hahn–Banach Theorems. Introduction to the Theory of Conjugate Convex Functions,Exercises for Chapter 1,text_with_possible_math,344,0,6,subagent_visual_reviewed,/home/moon/workspace/math_stat_ai/Functional Analysis/md/Brezis/chapter-01.md,
Brezis,35,20,1. The Hahn–Banach Theorems. Introduction to the Theory of Conjugate Convex Functions,Exercises for Chapter 1,text_with_possible_math,215,0,8,subagent_visual_reviewed,/home/moon/workspace/math_stat_ai/Functional Analysis/md/Brezis/chapter-01.md,
Brezis,36,21,1. The Hahn–Banach Theorems. Introduction to the Theory of Conjugate Convex Functions,Exercises for Chapter 1,text_with_possible_math,361,0,24,subagent_visual_reviewed,/home/moon/workspace/math_stat_ai/Functional Analysis/md/Brezis/chapter-01.md,
Brezis,37,22,1. The Hahn–Banach Theorems. Introduction to the Theory of Conjugate Convex Functions,Exercises for Chapter 1,text_with_possible_math,330,0,8,subagent_visual_reviewed,/home/moon/workspace/math_stat_ai/Functional Analysis/md/Brezis/chapter-01.md,
Brezis,38,23,1. The Hahn–Banach Theorems. Introduction to the Theory of Conjugate Convex Functions,Exercises for Chapter 1,text_with_possible_math,336,0,18,subagent_visual_reviewed,/home/moon/workspace/math_stat_ai/Functional Analysis/md/Brezis/chapter-01.md,
Brezis,39,24,1. The Hahn–Banach Theorems. Introduction to the Theory of Conjugate Convex Functions,Exercises for Chapter 1,text_with_possible_math,297,0,19,subagent_visual_reviewed,/home/moon/workspace/math_stat_ai/Functional Analysis/md/Brezis/chapter-01.md,
Brezis,40,25,1. The Hahn–Banach Theorems. Introduction to the Theory of Conjugate Convex Functions,Exercises for Chapter 1,text_with_possible_math,292,0,14,subagent_visual_reviewed,/home/moon/workspace/math_stat_ai/Functional Analysis/md/Brezis/chapter-01.md,
Brezis,41,26,1. The Hahn–Banach Theorems. Introduction to the Theory of Conjugate Convex Functions,Exercises for Chapter 1,text_with_possible_math,259,0,13,subagent_visual_reviewed,/home/moon/workspace/math_stat_ai/Functional Analysis/md/Brezis/chapter-01.md,
Brezis,42,27,1. The Hahn–Banach Theorems. Introduction to the Theory of Conjugate Convex Functions,Exercises for Chapter 1,text_with_possible_math,309,0,4,subagent_visual_reviewed,/home/moon/workspace/math_stat_ai/Functional Analysis/md/Brezis/chapter-01.md,
Brezis,43,28,1. The Hahn–Banach Theorems. Introduction to the Theory of Conjugate Convex Functions,Exercises for Chapter 1,text_with_possible_math,268,0,9,subagent_visual_reviewed,/home/moon/workspace/math_stat_ai/Functional Analysis/md/Brezis/chapter-01.md,
Brezis,44,29,1. The Hahn–Banach Theorems. Introduction to the Theory of Conjugate Convex Functions,Exercises for Chapter 1,text_with_possible_math,243,0,8,subagent_visual_reviewed,/home/moon/workspace/math_stat_ai/Functional Analysis/md/Brezis/chapter-01.md,
Brezis,45,30,1. The Hahn–Banach Theorems. Introduction to the Theory of Conjugate Convex Functions,Exercises for Chapter 1,image_or_sparse,0,0,0,ai_review_passed,/home/moon/workspace/math_stat_ai/Functional Analysis/md/Brezis/chapter-01.md,/home/moon/workspace/math_stat_ai/Functional Analysis/work/pdf-to-md/api/brezis/brezis-p0045-status.json
Brezis,46,31,2. The Uniform Boundedness Principle and the Closed Graph Theorem,2.1 The Baire Category Theorem,text_with_possible_math,223,0,1,subagent_visual_reviewed,/home/moon/workspace/math_stat_ai/Functional Analysis/md/Brezis/chapter-02.md,
Brezis,47,32,2. The Uniform Boundedness Principle and the Closed Graph Theorem,2.2 The Uniform Boundedness Principle,text_with_possible_math,251,0,5,subagent_visual_reviewed,/home/moon/workspace/math_stat_ai/Functional Analysis/md/Brezis/chapter-02.md,
Brezis,48,33,2. The Uniform Boundedness Principle and the Closed Graph Theorem,2.2 The Uniform Boundedness Principle,text_with_possible_math,275,0,0,subagent_visual_reviewed,/home/moon/workspace/math_stat_ai/Functional Analysis/md/Brezis/chapter-02.md,
Brezis,49,34,2. The Uniform Boundedness Principle and the Closed Graph Theorem,2.3 The Open Mapping Theorem and the Closed Graph Theorem,text_with_possible_math,285,0,0,subagent_visual_reviewed,/home/moon/workspace/math_stat_ai/Functional Analysis/md/Brezis/chapter-02.md,
Brezis,50,35,2. The Uniform Boundedness Principle and the Closed Graph Theorem,2.3 The Open Mapping Theorem and the Closed Graph Theorem,text_with_possible_math,374,0,1,subagent_visual_reviewed,/home/moon/workspace/math_stat_ai/Functional Analysis/md/Brezis/chapter-02.md,
Brezis,51,36,2. The Uniform Boundedness Principle and the Closed Graph Theorem,2.3 The Open Mapping Theorem and the Closed Graph Theorem,text_with_possible_math,264,0,17,subagent_visual_reviewed,/home/moon/workspace/math_stat_ai/Functional Analysis/md/Brezis/chapter-02.md,
Brezis,52,37,2. The Uniform Boundedness Principle and the Closed Graph Theorem,2.4 Complementary Subspaces. Right and Left Invertibility of Linear Operators,text_with_possible_math,416,0,2,subagent_visual_reviewed,/home/moon/workspace/math_stat_ai/Functional Analysis/md/Brezis/chapter-02.md,
Brezis,53,38,2. The Uniform Boundedness Principle and the Closed Graph Theorem,2.4 Complementary Subspaces. Right and Left Invertibility of Linear Operators,text_with_possible_math,411,0,0,subagent_visual_reviewed,/home/moon/workspace/math_stat_ai/Functional Analysis/md/Brezis/chapter-02.md,
Brezis,54,39,2. The Uniform Boundedness Principle and the Closed Graph Theorem,2.4 Complementary Subspaces. Right and Left Invertibility of Linear Operators,text_with_possible_math,376,0,0,unreviewed_ocr_draft,/home/moon/workspace/math_stat_ai/Functional Analysis/md/Brezis/chapter-02.md,
Brezis,55,40,2. The Uniform Boundedness Principle and the Closed Graph Theorem,2.5 Orthogonality Revisited,text_with_possible_math,386,0,10,unreviewed_ocr_draft,/home/moon/workspace/math_stat_ai/Functional Analysis/md/Brezis/chapter-02.md,
Brezis,56,41,2. The Uniform Boundedness Principle and the Closed Graph Theorem,2.5 Orthogonality Revisited,text_with_possible_math,267,0,0,unreviewed_ocr_draft,/home/moon/workspace/math_stat_ai/Functional Analysis/md/Brezis/chapter-02.md,
Brezis,57,42,2. The Uniform Boundedness Principle and the Closed Graph Theorem,2.5 Orthogonality Revisited,text_with_possible_math,262,0,13,unreviewed_ocr_draft,/home/moon/workspace/math_stat_ai/Functional Analysis/md/Brezis/chapter-02.md,
Brezis,58,43,2. The Uniform Boundedness Principle and the Closed Graph Theorem,2.6 An Introduction to Unbounded Linear Operators. Definition of the Adjoint,text_with_possible_math,354,0,17,unreviewed_ocr_draft,/home/moon/workspace/math_stat_ai/Functional Analysis/md/Brezis/chapter-02.md,
Brezis,59,44,2. The Uniform Boundedness Principle and the Closed Graph Theorem,2.6 An Introduction to Unbounded Linear Operators. Definition of the Adjoint,text_with_possible_math,338,0,8,unreviewed_ocr_draft,/home/moon/workspace/math_stat_ai/Functional Analysis/md/Brezis/chapter-02.md,
Brezis,60,45,2. The Uniform Boundedness Principle and the Closed Graph Theorem,2.6 An Introduction to Unbounded Linear Operators. Definition of the Adjoint,text_with_possible_math,295,0,6,unreviewed_ocr_draft,/home/moon/workspace/math_stat_ai/Functional Analysis/md/Brezis/chapter-02.md,
Brezis,61,46,2. The Uniform Boundedness Principle and the Closed Graph Theorem,2.7 A Characterization of Operators with Closed Range. A Characterization of Surjective Operators,text_with_possible_math,266,0,2,unreviewed_ocr_draft,/home/moon/workspace/math_stat_ai/Functional Analysis/md/Brezis/chapter-02.md,
Brezis,62,47,2. The Uniform Boundedness Principle and the Closed Graph Theorem,2.7 A Characterization of Operators with Closed Range. A Characterization of Surjective Operators,text_with_possible_math,342,0,0,unreviewed_ocr_draft,/home/moon/workspace/math_stat_ai/Functional Analysis/md/Brezis/chapter-02.md,
Brezis,63,48,2. The Uniform Boundedness Principle and the Closed Graph Theorem,Comments on Chapter 2,text_with_possible_math,362,0,1,unreviewed_ocr_draft,/home/moon/workspace/math_stat_ai/Functional Analysis/md/Brezis/chapter-02.md,
Brezis,64,49,2. The Uniform Boundedness Principle and the Closed Graph Theorem,Exercises for Chapter 2,text_with_possible_math,364,0,17,unreviewed_ocr_draft,/home/moon/workspace/math_stat_ai/Functional Analysis/md/Brezis/chapter-02.md,
Brezis,65,50,2. The Uniform Boundedness Principle and the Closed Graph Theorem,Exercises for Chapter 2,text_with_possible_math,363,0,20,unreviewed_ocr_draft,/home/moon/workspace/math_stat_ai/Functional Analysis/md/Brezis/chapter-02.md,
Brezis,66,51,2. The Uniform Boundedness Principle and the Closed Graph Theorem,Exercises for Chapter 2,text_with_possible_math,345,0,20,unreviewed_ocr_draft,/home/moon/workspace/math_stat_ai/Functional Analysis/md/Brezis/chapter-02.md,
Brezis,67,52,2. The Uniform Boundedness Principle and the Closed Graph Theorem,Exercises for Chapter 2,text_with_possible_math,296,0,23,unreviewed_ocr_draft,/home/moon/workspace/math_stat_ai/Functional Analysis/md/Brezis/chapter-02.md,
Brezis,68,53,2. The Uniform Boundedness Principle and the Closed Graph Theorem,Exercises for Chapter 2,text_with_possible_math,302,0,20,unreviewed_ocr_draft,/home/moon/workspace/math_stat_ai/Functional Analysis/md/Brezis/chapter-02.md,
Brezis,69,54,2. The Uniform Boundedness Principle and the Closed Graph Theorem,Exercises for Chapter 2,text_with_possible_math,228,0,16,unreviewed_ocr_draft,/home/moon/workspace/math_stat_ai/Functional Analysis/md/Brezis/chapter-02.md,
Brezis,70,55,3. Weak Topologies. Reflexive Spaces. Separable Spaces. Uniform Convexity,3.1 The Coarsest Topology for Which a Collection of Maps Becomes Continuous,text_with_possible_math,402,0,1,unreviewed_ocr_draft,/home/moon/workspace/math_stat_ai/Functional Analysis/md/Brezis/chapter-03.md,
Brezis,71,56,3. Weak Topologies. Reflexive Spaces. Separable Spaces. Uniform Convexity,3.1 The Coarsest Topology for Which a Collection of Maps Becomes Continuous,text_with_possible_math,519,0,0,unreviewed_ocr_draft,/home/moon/workspace/math_stat_ai/Functional Analysis/md/Brezis/chapter-03.md,
Brezis,72,57,3. Weak Topologies. Reflexive Spaces. Separable Spaces. Uniform Convexity,"3.2 Definition and Elementary Properties of the Weak Topology σ(E,E*)",text_with_possible_math,473,0,0,unreviewed_ocr_draft,/home/moon/workspace/math_stat_ai/Functional Analysis/md/Brezis/chapter-03.md,
Brezis,73,58,3. Weak Topologies. Reflexive Spaces. Separable Spaces. Uniform Convexity,"3.2 Definition and Elementary Properties of the Weak Topology σ(E,E*)",text_with_possible_math,368,0,4,unreviewed_ocr_draft,/home/moon/workspace/math_stat_ai/Functional Analysis/md/Brezis/chapter-03.md,
Brezis,74,59,3. Weak Topologies. Reflexive Spaces. Separable Spaces. Uniform Convexity,"3.2 Definition and Elementary Properties of the Weak Topology σ(E,E*)",text_with_possible_math,420,0,5,unreviewed_ocr_draft,/home/moon/workspace/math_stat_ai/Functional Analysis/md/Brezis/chapter-03.md,
Brezis,75,60,3. Weak Topologies. Reflexive Spaces. Separable Spaces. Uniform Convexity,"3.3 Weak Topology, Convex Sets, and Linear Operators",text_with_possible_math,451,0,0,unreviewed_ocr_draft,/home/moon/workspace/math_stat_ai/Functional Analysis/md/Brezis/chapter-03.md,
Brezis,76,61,3. Weak Topologies. Reflexive Spaces. Separable Spaces. Uniform Convexity,"3.3 Weak Topology, Convex Sets, and Linear Operators",text_with_possible_math,403,0,5,unreviewed_ocr_draft,/home/moon/workspace/math_stat_ai/Functional Analysis/md/Brezis/chapter-03.md,
Brezis,77,62,3. Weak Topologies. Reflexive Spaces. Separable Spaces. Uniform Convexity,"3.4 The Weak* Topology σ(E*,E)",text_with_possible_math,486,0,0,unreviewed_ocr_draft,/home/moon/workspace/math_stat_ai/Functional Analysis/md/Brezis/chapter-03.md,
Brezis,78,63,3. Weak Topologies. Reflexive Spaces. Separable Spaces. Uniform Convexity,"3.4 The Weak* Topology σ(E*,E)",text_with_possible_math,368,0,4,subagent_visual_reviewed,/home/moon/workspace/math_stat_ai/Functional Analysis/md/Brezis/chapter-03.md,
Brezis,79,64,3. Weak Topologies. Reflexive Spaces. Separable Spaces. Uniform Convexity,"3.4 The Weak* Topology σ(E*,E)",text_with_possible_math,336,0,0,subagent_visual_reviewed,/home/moon/workspace/math_stat_ai/Functional Analysis/md/Brezis/chapter-03.md,
Brezis,80,65,3. Weak Topologies. Reflexive Spaces. Separable Spaces. Uniform Convexity,"3.4 The Weak* Topology σ(E*,E)",text_with_possible_math,303,0,0,subagent_visual_reviewed,/home/moon/workspace/math_stat_ai/Functional Analysis/md/Brezis/chapter-03.md,
Brezis,81,66,3. Weak Topologies. Reflexive Spaces. Separable Spaces. Uniform Convexity,"3.4 The Weak* Topology σ(E*,E)",text_with_possible_math,452,0,0,subagent_visual_reviewed,/home/moon/workspace/math_stat_ai/Functional Analysis/md/Brezis/chapter-03.md,
Brezis,82,67,3. Weak Topologies. Reflexive Spaces. Separable Spaces. Uniform Convexity,3.5 Reflexive Spaces,text_with_possible_math,365,0,0,subagent_visual_reviewed,/home/moon/workspace/math_stat_ai/Functional Analysis/md/Brezis/chapter-03.md,
Brezis,83,68,3. Weak Topologies. Reflexive Spaces. Separable Spaces. Uniform Convexity,3.5 Reflexive Spaces,text_with_possible_math,394,0,3,unreviewed_ocr_draft,/home/moon/workspace/math_stat_ai/Functional Analysis/md/Brezis/chapter-03.md,
Brezis,84,69,3. Weak Topologies. Reflexive Spaces. Separable Spaces. Uniform Convexity,3.5 Reflexive Spaces,text_with_possible_math,395,0,0,unreviewed_ocr_draft,/home/moon/workspace/math_stat_ai/Functional Analysis/md/Brezis/chapter-03.md,
Brezis,85,70,3. Weak Topologies. Reflexive Spaces. Separable Spaces. Uniform Convexity,3.5 Reflexive Spaces,text_with_possible_math,430,0,0,unreviewed_ocr_draft,/home/moon/workspace/math_stat_ai/Functional Analysis/md/Brezis/chapter-03.md,
Brezis,86,71,3. Weak Topologies. Reflexive Spaces. Separable Spaces. Uniform Convexity,3.5 Reflexive Spaces,text_with_possible_math,362,0,1,unreviewed_ocr_draft,/home/moon/workspace/math_stat_ai/Functional Analysis/md/Brezis/chapter-03.md,
Brezis,87,72,3. Weak Topologies. Reflexive Spaces. Separable Spaces. Uniform Convexity,3.6 Separable Spaces,text_with_possible_math,291,0,4,unreviewed_ocr_draft,/home/moon/workspace/math_stat_ai/Functional Analysis/md/Brezis/chapter-03.md,
Brezis,88,73,3. Weak Topologies. Reflexive Spaces. Separable Spaces. Uniform Convexity,3.6 Separable Spaces,text_with_possible_math,376,0,2,unreviewed_ocr_draft,/home/moon/workspace/math_stat_ai/Functional Analysis/md/Brezis/chapter-03.md,
Brezis,89,74,3. Weak Topologies. Reflexive Spaces. Separable Spaces. Uniform Convexity,3.6 Separable Spaces,text_with_possible_math,368,0,1,unreviewed_ocr_draft,/home/moon/workspace/math_stat_ai/Functional Analysis/md/Brezis/chapter-03.md,
Brezis,90,75,3. Weak Topologies. Reflexive Spaces. Separable Spaces. Uniform Convexity,3.6 Separable Spaces,text_with_possible_math,316,0,10,unreviewed_ocr_draft,/home/moon/workspace/math_stat_ai/Functional Analysis/md/Brezis/chapter-03.md,
Brezis,91,76,3. Weak Topologies. Reflexive Spaces. Separable Spaces. Uniform Convexity,3.7 Uniformly Convex Spaces,text_with_possible_math,423,0,2,unreviewed_ocr_draft,/home/moon/workspace/math_stat_ai/Functional Analysis/md/Brezis/chapter-03.md,
Brezis,92,77,3. Weak Topologies. Reflexive Spaces. Separable Spaces. Uniform Convexity,3.7 Uniformly Convex Spaces,text_with_possible_math,330,0,17,unreviewed_ocr_draft,/home/moon/workspace/math_stat_ai/Functional Analysis/md/Brezis/chapter-03.md,
Brezis,93,78,3. Weak Topologies. Reflexive Spaces. Separable Spaces. Uniform Convexity,Comments on Chapter 3,text_with_possible_math,255,0,1,unreviewed_ocr_draft,/home/moon/workspace/math_stat_ai/Functional Analysis/md/Brezis/chapter-03.md,
Brezis,94,79,3. Weak Topologies. Reflexive Spaces. Separable Spaces. Uniform Convexity,Exercises for Chapter 3,text_with_possible_math,498,0,8,unreviewed_ocr_draft,/home/moon/workspace/math_stat_ai/Functional Analysis/md/Brezis/chapter-03.md,
Brezis,95,80,3. Weak Topologies. Reflexive Spaces. Separable Spaces. Uniform Convexity,Exercises for Chapter 3,text_with_possible_math,306,0,21,unreviewed_ocr_draft,/home/moon/workspace/math_stat_ai/Functional Analysis/md/Brezis/chapter-03.md,
Brezis,96,81,3. Weak Topologies. Reflexive Spaces. Separable Spaces. Uniform Convexity,Exercises for Chapter 3,text_with_possible_math,341,0,21,unreviewed_ocr_draft,/home/moon/workspace/math_stat_ai/Functional Analysis/md/Brezis/chapter-03.md,
Brezis,97,82,3. Weak Topologies. Reflexive Spaces. Separable Spaces. Uniform Convexity,Exercises for Chapter 3,text_with_possible_math,291,0,9,unreviewed_ocr_draft,/home/moon/workspace/math_stat_ai/Functional Analysis/md/Brezis/chapter-03.md,
Brezis,98,83,3. Weak Topologies. Reflexive Spaces. Separable Spaces. Uniform Convexity,Exercises for Chapter 3,text_with_possible_math,423,0,16,unreviewed_ocr_draft,/home/moon/workspace/math_stat_ai/Functional Analysis/md/Brezis/chapter-03.md,
Brezis,99,84,3. Weak Topologies. Reflexive Spaces. Separable Spaces. Uniform Convexity,Exercises for Chapter 3,text_with_possible_math,314,0,20,unreviewed_ocr_draft,/home/moon/workspace/math_stat_ai/Functional Analysis/md/Brezis/chapter-03.md,
Brezis,100,85,3. Weak Topologies. Reflexive Spaces. Separable Spaces. Uniform Convexity,Exercises for Chapter 3,text_with_possible_math,352,0,18,unreviewed_ocr_draft,/home/moon/workspace/math_stat_ai/Functional Analysis/md/Brezis/chapter-03.md,
Brezis,101,86,3. Weak Topologies. Reflexive Spaces. Separable Spaces. Uniform Convexity,Exercises for Chapter 3,text_with_possible_math,337,0,17,unreviewed_ocr_draft,/home/moon/workspace/math_stat_ai/Functional Analysis/md/Brezis/chapter-03.md,
Brezis,102,87,3. Weak Topologies. Reflexive Spaces. Separable Spaces. Uniform Convexity,Exercises for Chapter 3,text_with_possible_math,310,0,16,unreviewed_ocr_draft,/home/moon/workspace/math_stat_ai/Functional Analysis/md/Brezis/chapter-03.md,
Brezis,103,88,3. Weak Topologies. Reflexive Spaces. Separable Spaces. Uniform Convexity,Exercises for Chapter 3,image_or_sparse,0,0,0,ai_review_passed,/home/moon/workspace/math_stat_ai/Functional Analysis/md/Brezis/chapter-03.md,/home/moon/workspace/math_stat_ai/Functional Analysis/work/pdf-to-md/api/brezis/brezis-p0103-status.json
Brezis,104,89,4. L^p Spaces,,text_with_possible_math,291,0,0,subagent_visual_reviewed,/home/moon/workspace/math_stat_ai/Functional Analysis/md/Brezis/chapter-04.md,
Brezis,105,90,4. L^p Spaces,4.1 Some Results about Integration That Everyone Must Know,text_with_possible_math,326,0,0,subagent_visual_reviewed,/home/moon/workspace/math_stat_ai/Functional Analysis/md/Brezis/chapter-04.md,
Brezis,106,91,4. L^p Spaces,4.2 Definition and Elementary Properties of L^p Spaces,text_with_possible_math,266,0,0,subagent_visual_reviewed,/home/moon/workspace/math_stat_ai/Functional Analysis/md/Brezis/chapter-04.md,
Brezis,107,92,4. L^p Spaces,4.2 Definition and Elementary Properties of L^p Spaces,text_with_possible_math,242,0,27,subagent_visual_reviewed,/home/moon/workspace/math_stat_ai/Functional Analysis/md/Brezis/chapter-04.md,
Brezis,108,93,4. L^p Spaces,4.2 Definition and Elementary Properties of L^p Spaces,text_with_possible_math,371,0,9,unreviewed_ocr_draft,/home/moon/workspace/math_stat_ai/Functional Analysis/md/Brezis/chapter-04.md,
Brezis,109,94,4. L^p Spaces,4.2 Definition and Elementary Properties of L^p Spaces,text_with_possible_math,321,0,6,unreviewed_ocr_draft,/home/moon/workspace/math_stat_ai/Functional Analysis/md/Brezis/chapter-04.md,
Brezis,110,95,4. L^p Spaces,4.3 Reflexivity. Separability. Dual of L^p ,text_with_possible_math,314,0,16,unreviewed_ocr_draft,/home/moon/workspace/math_stat_ai/Functional Analysis/md/Brezis/chapter-04.md,
Brezis,111,96,4. L^p Spaces,4.3 Reflexivity. Separability. Dual of L^p ,text_with_possible_math,284,0,5,unreviewed_ocr_draft,/home/moon/workspace/math_stat_ai/Functional Analysis/md/Brezis/chapter-04.md,
Brezis,112,97,4. L^p Spaces,4.3 Reflexivity. Separability. Dual of L^p ,text_with_possible_math,363,0,8,unreviewed_ocr_draft,/home/moon/workspace/math_stat_ai/Functional Analysis/md/Brezis/chapter-04.md,
Brezis,113,98,4. L^p Spaces,4.3 Reflexivity. Separability. Dual of L^p ,text_with_possible_math,366,0,2,unreviewed_ocr_draft,/home/moon/workspace/math_stat_ai/Functional Analysis/md/Brezis/chapter-04.md,
Brezis,114,99,4. L^p Spaces,4.3 Reflexivity. Separability. Dual of L^p ,text_with_possible_math,401,0,4,unreviewed_ocr_draft,/home/moon/workspace/math_stat_ai/Functional Analysis/md/Brezis/chapter-04.md,
Brezis,115,100,4. L^p Spaces,4.3 Reflexivity. Separability. Dual of L^p ,text_with_possible_math,301,0,0,unreviewed_ocr_draft,/home/moon/workspace/math_stat_ai/Functional Analysis/md/Brezis/chapter-04.md,
Brezis,116,101,4. L^p Spaces,4.3 Reflexivity. Separability. Dual of L^p ,text_with_possible_math,425,0,0,unreviewed_ocr_draft,/home/moon/workspace/math_stat_ai/Functional Analysis/md/Brezis/chapter-04.md,
Brezis,117,102,4. L^p Spaces,4.3 Reflexivity. Separability. Dual of L^p ,text_with_possible_math,365,0,0,unreviewed_ocr_draft,/home/moon/workspace/math_stat_ai/Functional Analysis/md/Brezis/chapter-04.md,
Brezis,118,103,4. L^p Spaces,4.3 Reflexivity. Separability. Dual of L^p ,text_with_possible_math,458,0,25,unreviewed_ocr_draft,/home/moon/workspace/math_stat_ai/Functional Analysis/md/Brezis/chapter-04.md,
Brezis,119,104,4. L^p Spaces,4.4 Convolution and regularization,text_with_possible_math,249,0,8,unreviewed_ocr_draft,/home/moon/workspace/math_stat_ai/Functional Analysis/md/Brezis/chapter-04.md,
Brezis,120,105,4. L^p Spaces,4.4 Convolution and regularization,text_with_possible_math,315,0,0,unreviewed_ocr_draft,/home/moon/workspace/math_stat_ai/Functional Analysis/md/Brezis/chapter-04.md,
Brezis,121,106,4. L^p Spaces,4.4 Convolution and regularization,text_with_possible_math,382,0,6,unreviewed_ocr_draft,/home/moon/workspace/math_stat_ai/Functional Analysis/md/Brezis/chapter-04.md,
Brezis,122,107,4. L^p Spaces,4.4 Convolution and regularization,text_with_possible_math,345,0,10,unreviewed_ocr_draft,/home/moon/workspace/math_stat_ai/Functional Analysis/md/Brezis/chapter-04.md,
Brezis,123,108,4. L^p Spaces,4.4 Convolution and regularization,text_with_possible_math,276,0,2,unreviewed_ocr_draft,/home/moon/workspace/math_stat_ai/Functional Analysis/md/Brezis/chapter-04.md,
Brezis,124,109,4. L^p Spaces,4.4 Convolution and regularization,text_with_possible_math,273,0,3,unreviewed_ocr_draft,/home/moon/workspace/math_stat_ai/Functional Analysis/md/Brezis/chapter-04.md,
Brezis,125,110,4. L^p Spaces,4.4 Convolution and regularization,text_with_possible_math,281,0,1,unreviewed_ocr_draft,/home/moon/workspace/math_stat_ai/Functional Analysis/md/Brezis/chapter-04.md,
Brezis,126,111,4. L^p Spaces,4.5 Criterion for Strong Compactness in L^p ,text_with_possible_math,372,0,1,unreviewed_ocr_draft,/home/moon/workspace/math_stat_ai/Functional Analysis/md/Brezis/chapter-04.md,
Brezis,127,112,4. L^p Spaces,4.5 Criterion for Strong Compactness in L^p ,text_with_possible_math,245,0,0,unreviewed_ocr_draft,/home/moon/workspace/math_stat_ai/Functional Analysis/md/Brezis/chapter-04.md,
Brezis,128,113,4. L^p Spaces,4.5 Criterion for Strong Compactness in L^p ,text_with_possible_math,351,0,0,unreviewed_ocr_draft,/home/moon/workspace/math_stat_ai/Functional Analysis/md/Brezis/chapter-04.md,
Brezis,129,114,4. L^p Spaces,Comments on Chapter 4,text_with_possible_math,255,0,0,unreviewed_ocr_draft,/home/moon/workspace/math_stat_ai/Functional Analysis/md/Brezis/chapter-04.md,
Brezis,130,115,4. L^p Spaces,Comments on Chapter 4,text_with_possible_math,406,0,9,unreviewed_ocr_draft,/home/moon/workspace/math_stat_ai/Functional Analysis/md/Brezis/chapter-04.md,
Brezis,131,116,4. L^p Spaces,Comments on Chapter 4,text_with_possible_math,398,0,15,unreviewed_ocr_draft,/home/moon/workspace/math_stat_ai/Functional Analysis/md/Brezis/chapter-04.md,
Brezis,132,117,4. L^p Spaces,Comments on Chapter 4,text_with_possible_math,401,0,3,unreviewed_ocr_draft,/home/moon/workspace/math_stat_ai/Functional Analysis/md/Brezis/chapter-04.md,
Brezis,133,118,4. L^p Spaces,Exercises for Chapter 4,text_with_possible_math,290,0,21,unreviewed_ocr_draft,/home/moon/workspace/math_stat_ai/Functional Analysis/md/Brezis/chapter-04.md,
Brezis,134,119,4. L^p Spaces,Exercises for Chapter 4,text_with_possible_math,262,0,20,unreviewed_ocr_draft,/home/moon/workspace/math_stat_ai/Functional Analysis/md/Brezis/chapter-04.md,
Brezis,135,120,4. L^p Spaces,Exercises for Chapter 4,text_with_possible_math,292,0,15,unreviewed_ocr_draft,/home/moon/workspace/math_stat_ai/Functional Analysis/md/Brezis/chapter-04.md,
Brezis,136,121,4. L^p Spaces,Exercises for Chapter 4,text_with_possible_math,271,0,13,unprocessed,,
Brezis,137,122,4. L^p Spaces,Exercises for Chapter 4,text_with_possible_math,281,0,5,unprocessed,,
Brezis,138,123,4. L^p Spaces,Exercises for Chapter 4,text_with_possible_math,291,0,14,unprocessed,,
Brezis,139,124,4. L^p Spaces,Exercises for Chapter 4,text_with_possible_math,292,0,14,unprocessed,,
Brezis,140,125,4. L^p Spaces,Exercises for Chapter 4,text_with_possible_math,363,0,8,unprocessed,,
Brezis,141,126,4. L^p Spaces,Exercises for Chapter 4,text_with_possible_math,282,0,12,unprocessed,,
Brezis,142,127,4. L^p Spaces,Exercises for Chapter 4,text_with_possible_math,313,0,23,unprocessed,,
Brezis,143,128,4. L^p Spaces,Exercises for Chapter 4,text_with_possible_math,322,0,17,unprocessed,,
Brezis,144,129,4. L^p Spaces,Exercises for Chapter 4,text_with_possible_math,278,0,13,unprocessed,,
Brezis,145,130,4. L^p Spaces,Exercises for Chapter 4,text_with_possible_math,225,0,8,unprocessed,,
Brezis,146,131,5. Hilbert Spaces,5.1 Definitions and Elementary Properties. Projection onto a Closed Convex Set,text_with_possible_math,236,0,7,unprocessed,,
Brezis,147,132,5. Hilbert Spaces,5.1 Definitions and Elementary Properties. Projection onto a Closed Convex Set,text_with_possible_math,378,0,8,unprocessed,,
Brezis,148,133,5. Hilbert Spaces,5.1 Definitions and Elementary Properties. Projection onto a Closed Convex Set,text_with_possible_math,211,0,16,unprocessed,,
Brezis,149,134,5. Hilbert Spaces,5.1 Definitions and Elementary Properties. Projection onto a Closed Convex Set,text_with_possible_math,323,0,4,unprocessed,,
Brezis,150,135,5. Hilbert Spaces,5.2 The Dual Space of a Hilbert Space,text_with_possible_math,367,0,0,unprocessed,,
Brezis,151,136,5. Hilbert Spaces,5.2 The Dual Space of a Hilbert Space,text_with_possible_math,358,0,6,unprocessed,,
Brezis,152,137,5. Hilbert Spaces,5.2 The Dual Space of a Hilbert Space,text_with_possible_math,365,0,1,unprocessed,,
Brezis,153,138,5. Hilbert Spaces,5.3 The Theorems of Stampacchia and Lax–Milgram,text_with_possible_math,302,0,6,unprocessed,,
Brezis,154,139,5. Hilbert Spaces,5.3 The Theorems of Stampacchia and Lax–Milgram,text_with_possible_math,358,0,1,unprocessed,,
Brezis,155,140,5. Hilbert Spaces,5.3 The Theorems of Stampacchia and Lax–Milgram,text_with_possible_math,337,0,8,unprocessed,,
Brezis,156,141,5. Hilbert Spaces,5.4 Hilbert Sums. Orthonormal Bases,text_with_possible_math,194,0,1,unprocessed,,
Brezis,157,142,5. Hilbert Spaces,5.4 Hilbert Sums. Orthonormal Bases,text_with_possible_math,173,0,0,unprocessed,,
Brezis,158,143,5. Hilbert Spaces,5.4 Hilbert Sums. Orthonormal Bases,text_with_possible_math,359,0,5,unprocessed,,
Brezis,159,144,5. Hilbert Spaces,Comments on Chapter 5,text_with_possible_math,432,0,1,unprocessed,,
Brezis,160,145,5. Hilbert Spaces,Comments on Chapter 5,text_with_possible_math,402,0,4,unprocessed,,
Brezis,161,146,5. Hilbert Spaces,Exercises for Chapter 5,text_with_possible_math,496,0,4,unprocessed,,
Brezis,162,147,5. Hilbert Spaces,Exercises for Chapter 5,text_with_possible_math,347,0,13,unprocessed,,
Brezis,163,148,5. Hilbert Spaces,Exercises for Chapter 5,text_with_possible_math,330,0,20,unprocessed,,
Brezis,164,149,5. Hilbert Spaces,Exercises for Chapter 5,text_with_possible_math,354,0,12,unprocessed,,
Brezis,165,150,5. Hilbert Spaces,Exercises for Chapter 5,text_with_possible_math,391,0,22,unprocessed,,
Brezis,166,151,5. Hilbert Spaces,Exercises for Chapter 5,text_with_possible_math,320,0,22,unprocessed,,
Brezis,167,152,5. Hilbert Spaces,Exercises for Chapter 5,text_with_possible_math,268,0,12,unprocessed,,
Brezis,168,153,5. Hilbert Spaces,Exercises for Chapter 5,text_with_possible_math,349,0,15,unprocessed,,
Brezis,169,154,5. Hilbert Spaces,Exercises for Chapter 5,text_with_possible_math,331,0,19,unprocessed,,
Brezis,170,155,5. Hilbert Spaces,Exercises for Chapter 5,text_with_possible_math,288,0,14,unprocessed,,
Brezis,171,156,5. Hilbert Spaces,Exercises for Chapter 5,mixed_or_sparse,33,0,0,unprocessed,,
Brezis,172,157,6. Compact Operators. Spectral Decomposition of Self-Adjoint Compact Operators,6.1 Definitions. Elementary Properties. Adjoint,text_with_possible_math,319,0,0,unprocessed,,
Brezis,173,158,6. Compact Operators. Spectral Decomposition of Self-Adjoint Compact Operators,6.1 Definitions. Elementary Properties. Adjoint,text_with_possible_math,375,0,3,unprocessed,,
Brezis,174,159,6. Compact Operators. Spectral Decomposition of Self-Adjoint Compact Operators,6.2 The Riesz–Fredholm Theory,text_with_possible_math,396,0,1,unprocessed,,
Brezis,175,160,6. Compact Operators. Spectral Decomposition of Self-Adjoint Compact Operators,6.2 The Riesz–Fredholm Theory,text_with_possible_math,356,0,3,unprocessed,,
Brezis,176,161,6. Compact Operators. Spectral Decomposition of Self-Adjoint Compact Operators,6.2 The Riesz–Fredholm Theory,text_with_possible_math,452,0,1,unprocessed,,
Brezis,177,162,6. Compact Operators. Spectral Decomposition of Self-Adjoint Compact Operators,6.3 The Spectrum of a Compact Operator,text_with_possible_math,427,0,0,unprocessed,,
Brezis,178,163,6. Compact Operators. Spectral Decomposition of Self-Adjoint Compact Operators,6.3 The Spectrum of a Compact Operator,text_with_possible_math,451,0,1,unprocessed,,
Brezis,179,164,6. Compact Operators. Spectral Decomposition of Self-Adjoint Compact Operators,6.3 The Spectrum of a Compact Operator,text_with_possible_math,385,0,0,unprocessed,,
Brezis,180,165,6. Compact Operators. Spectral Decomposition of Self-Adjoint Compact Operators,6.4 Spectral Decomposition of Self-Adjoint Compact Operators,text_with_possible_math,403,0,8,unprocessed,,
Brezis,181,166,6. Compact Operators. Spectral Decomposition of Self-Adjoint Compact Operators,6.4 Spectral Decomposition of Self-Adjoint Compact Operators,text_with_possible_math,293,0,1,unprocessed,,
Brezis,182,167,6. Compact Operators. Spectral Decomposition of Self-Adjoint Compact Operators,6.4 Spectral Decomposition of Self-Adjoint Compact Operators,text_with_possible_math,433,0,0,unprocessed,,
Brezis,183,168,6. Compact Operators. Spectral Decomposition of Self-Adjoint Compact Operators,Comments on Chapter 6,text_with_possible_math,295,0,1,unprocessed,,
Brezis,184,169,6. Compact Operators. Spectral Decomposition of Self-Adjoint Compact Operators,Comments on Chapter 6,text_with_possible_math,424,0,0,unprocessed,,
Brezis,185,170,6. Compact Operators. Spectral Decomposition of Self-Adjoint Compact Operators,Exercises for Chapter 6,text_with_possible_math,475,0,4,unprocessed,,
Brezis,186,171,6. Compact Operators. Spectral Decomposition of Self-Adjoint Compact Operators,Exercises for Chapter 6,text_with_possible_math,322,0,24,unprocessed,,
Brezis,187,172,6. Compact Operators. Spectral Decomposition of Self-Adjoint Compact Operators,Exercises for Chapter 6,text_with_possible_math,333,0,9,unprocessed,,
Brezis,188,173,6. Compact Operators. Spectral Decomposition of Self-Adjoint Compact Operators,Exercises for Chapter 6,text_with_possible_math,319,0,12,unprocessed,,
Brezis,189,174,6. Compact Operators. Spectral Decomposition of Self-Adjoint Compact Operators,Exercises for Chapter 6,text_with_possible_math,300,0,16,unprocessed,,
Brezis,190,175,6. Compact Operators. Spectral Decomposition of Self-Adjoint Compact Operators,Exercises for Chapter 6,text_with_possible_math,393,0,8,unprocessed,,
Brezis,191,176,6. Compact Operators. Spectral Decomposition of Self-Adjoint Compact Operators,Exercises for Chapter 6,text_with_possible_math,259,0,12,unprocessed,,
Brezis,192,177,6. Compact Operators. Spectral Decomposition of Self-Adjoint Compact Operators,Exercises for Chapter 6,text_with_possible_math,348,0,12,unprocessed,,
Brezis,193,178,6. Compact Operators. Spectral Decomposition of Self-Adjoint Compact Operators,Exercises for Chapter 6,text_with_possible_math,266,0,6,unprocessed,,
Brezis,194,179,6. Compact Operators. Spectral Decomposition of Self-Adjoint Compact Operators,Exercises for Chapter 6,text_with_possible_math,356,0,9,unprocessed,,
Brezis,195,180,6. Compact Operators. Spectral Decomposition of Self-Adjoint Compact Operators,Exercises for Chapter 6,image_or_sparse,0,0,0,ai_review_passed,/home/moon/workspace/math_stat_ai/Functional Analysis/md/Brezis/chapter-06.md,/home/moon/workspace/math_stat_ai/Functional Analysis/work/pdf-to-md/api/brezis/brezis-p0195-status.json
Brezis,196,181,7. The Hille–Yosida Theorem,7.1 Definition and Elementary Properties of Maximal Monotone Operators,text_with_possible_math,244,0,4,unprocessed,,
Brezis,197,182,7. The Hille–Yosida Theorem,7.1 Definition and Elementary Properties of Maximal Monotone Operators,text_with_possible_math,425,0,12,unprocessed,,
Brezis,198,183,7. The Hille–Yosida Theorem,7.1 Definition and Elementary Properties of Maximal Monotone Operators,text_with_possible_math,244,0,0,unprocessed,,
Brezis,199,184,7. The Hille–Yosida Theorem,"7.2 Solution of the Evolution Problem du/dt + Au = 0 on [0,+∞), u(0) = u_0. Existence and uniqueness",text_with_possible_math,233,0,2,unprocessed,,
Brezis,200,185,7. The Hille–Yosida Theorem,"7.2 Solution of the Evolution Problem du/dt + Au = 0 on [0,+∞), u(0) = u_0. Existence and uniqueness",text_with_possible_math,275,0,12,unprocessed,,
Brezis,201,186,7. The Hille–Yosida Theorem,"7.2 Solution of the Evolution Problem du/dt + Au = 0 on [0,+∞), u(0) = u_0. Existence and uniqueness",text_with_possible_math,314,0,25,unprocessed,,
Brezis,202,187,7. The Hille–Yosida Theorem,"7.2 Solution of the Evolution Problem du/dt + Au = 0 on [0,+∞), u(0) = u_0. Existence and uniqueness",text_with_possible_math,272,0,11,unprocessed,,
Brezis,203,188,7. The Hille–Yosida Theorem,"7.2 Solution of the Evolution Problem du/dt + Au = 0 on [0,+∞), u(0) = u_0. Existence and uniqueness",text_with_possible_math,245,0,10,unprocessed,,
Brezis,204,189,7. The Hille–Yosida Theorem,"7.2 Solution of the Evolution Problem du/dt + Au = 0 on [0,+∞), u(0) = u_0. Existence and uniqueness",text_with_possible_math,307,0,15,unprocessed,,
Brezis,205,190,7. The Hille–Yosida Theorem,"7.2 Solution of the Evolution Problem du/dt + Au = 0 on [0,+∞), u(0) = u_0. Existence and uniqueness",text_with_possible_math,422,0,2,unprocessed,,
Brezis,206,191,7. The Hille–Yosida Theorem,7.3 Regularity,text_with_possible_math,266,0,2,unprocessed,,
Brezis,207,192,7. The Hille–Yosida Theorem,7.3 Regularity,text_with_possible_math,242,0,9,unprocessed,,
Brezis,208,193,7. The Hille–Yosida Theorem,7.4 The Self-Adjoint Case,text_with_possible_math,323,0,1,unprocessed,,
Brezis,209,194,7. The Hille–Yosida Theorem,7.4 The Self-Adjoint Case,text_with_possible_math,302,0,10,unprocessed,,
Brezis,210,195,7. The Hille–Yosida Theorem,7.4 The Self-Adjoint Case,text_with_possible_math,304,0,26,unprocessed,,
Brezis,211,196,7. The Hille–Yosida Theorem,7.4 The Self-Adjoint Case,text_with_possible_math,294,0,7,unprocessed,,
Brezis,212,197,7. The Hille–Yosida Theorem,Comments on Chapter 7,text_with_possible_math,326,0,4,unprocessed,,
Brezis,213,198,7. The Hille–Yosida Theorem,Comments on Chapter 7,text_with_possible_math,303,0,4,unprocessed,,
Brezis,214,199,7. The Hille–Yosida Theorem,Comments on Chapter 7,mixed_or_sparse,44,0,0,unprocessed,,
Brezis,215,200,7. The Hille–Yosida Theorem,Comments on Chapter 7,image_or_sparse,0,0,0,needs_further_review,/home/moon/workspace/math_stat_ai/Functional Analysis/md/Brezis/chapter-07.md,/home/moon/workspace/math_stat_ai/Functional Analysis/work/pdf-to-md/api/brezis/brezis-p0215-status.json
Brezis,216,201,8. Sobolev Spaces and the Variational Formulation of Boundary Value Problems in One Dimension,8.1 Motivation,text_with_possible_math,260,0,0,unprocessed,,
Brezis,217,202,8. Sobolev Spaces and the Variational Formulation of Boundary Value Problems in One Dimension,"8.2 The Sobolev Space W^{1,p}(I)",text_with_possible_math,386,0,9,unprocessed,,
Brezis,218,203,8. Sobolev Spaces and the Variational Formulation of Boundary Value Problems in One Dimension,"8.2 The Sobolev Space W^{1,p}(I)",text_with_possible_math,388,0,9,unprocessed,,
Brezis,219,204,8. Sobolev Spaces and the Variational Formulation of Boundary Value Problems in One Dimension,"8.2 The Sobolev Space W^{1,p}(I)",text_with_possible_math,497,0,1,unprocessed,,
Brezis,220,205,8. Sobolev Spaces and the Variational Formulation of Boundary Value Problems in One Dimension,"8.2 The Sobolev Space W^{1,p}(I)",text_with_possible_math,241,0,0,unprocessed,,
Brezis,221,206,8. Sobolev Spaces and the Variational Formulation of Boundary Value Problems in One Dimension,"8.2 The Sobolev Space W^{1,p}(I)",text_with_possible_math,312,0,0,unprocessed,,
Brezis,222,207,8. Sobolev Spaces and the Variational Formulation of Boundary Value Problems in One Dimension,"8.2 The Sobolev Space W^{1,p}(I)",text_with_possible_math,316,0,0,unprocessed,,
Brezis,223,208,8. Sobolev Spaces and the Variational Formulation of Boundary Value Problems in One Dimension,"8.2 The Sobolev Space W^{1,p}(I)",text_with_possible_math,218,0,0,unprocessed,,
Brezis,224,209,8. Sobolev Spaces and the Variational Formulation of Boundary Value Problems in One Dimension,"8.2 The Sobolev Space W^{1,p}(I)",text_with_possible_math,265,0,2,unprocessed,,
Brezis,225,210,8. Sobolev Spaces and the Variational Formulation of Boundary Value Problems in One Dimension,"8.2 The Sobolev Space W^{1,p}(I)",text_with_possible_math,180,0,14,unprocessed,,
Brezis,226,211,8. Sobolev Spaces and the Variational Formulation of Boundary Value Problems in One Dimension,"8.2 The Sobolev Space W^{1,p}(I)",text_with_possible_math,398,0,0,unprocessed,,
Brezis,227,212,8. Sobolev Spaces and the Variational Formulation of Boundary Value Problems in One Dimension,"8.2 The Sobolev Space W^{1,p}(I)",text_with_possible_math,292,0,1,unprocessed,,
Brezis,228,213,8. Sobolev Spaces and the Variational Formulation of Boundary Value Problems in One Dimension,"8.2 The Sobolev Space W^{1,p}(I)",text_with_possible_math,348,0,1,unprocessed,,
Brezis,229,214,8. Sobolev Spaces and the Variational Formulation of Boundary Value Problems in One Dimension,"8.2 The Sobolev Space W^{1,p}(I)",text_with_possible_math,382,0,0,unprocessed,,
Brezis,230,215,8. Sobolev Spaces and the Variational Formulation of Boundary Value Problems in One Dimension,"8.2 The Sobolev Space W^{1,p}(I)",text_with_possible_math,355,0,1,unprocessed,,
Brezis,231,216,8. Sobolev Spaces and the Variational Formulation of Boundary Value Problems in One Dimension,"8.2 The Sobolev Space W^{1,p}(I)",text_with_possible_math,338,0,0,unprocessed,,
Brezis,232,217,8. Sobolev Spaces and the Variational Formulation of Boundary Value Problems in One Dimension,"8.3 The Space W^{1,p}_0",text_with_possible_math,389,0,1,unprocessed,,
Brezis,233,218,8. Sobolev Spaces and the Variational Formulation of Boundary Value Problems in One Dimension,"8.3 The Space W^{1,p}_0",text_with_possible_math,342,0,0,unprocessed,,
Brezis,234,219,8. Sobolev Spaces and the Variational Formulation of Boundary Value Problems in One Dimension,"8.3 The Space W^{1,p}_0",text_with_possible_math,333,0,0,unprocessed,,
Brezis,235,220,8. Sobolev Spaces and the Variational Formulation of Boundary Value Problems in One Dimension,8.4 Some Examples of Boundary Value Problems,text_with_possible_math,356,0,0,unprocessed,,
Brezis,236,221,8. Sobolev Spaces and the Variational Formulation of Boundary Value Problems in One Dimension,8.4 Some Examples of Boundary Value Problems,text_with_possible_math,330,0,5,unprocessed,,
Brezis,237,222,8. Sobolev Spaces and the Variational Formulation of Boundary Value Problems in One Dimension,8.4 Some Examples of Boundary Value Problems,text_with_possible_math,347,0,6,unprocessed,,
Brezis,238,223,8. Sobolev Spaces and the Variational Formulation of Boundary Value Problems in One Dimension,8.4 Some Examples of Boundary Value Problems,text_with_possible_math,270,0,1,unprocessed,,
Brezis,239,224,8. Sobolev Spaces and the Variational Formulation of Boundary Value Problems in One Dimension,8.4 Some Examples of Boundary Value Problems,text_with_possible_math,321,0,2,unprocessed,,
Brezis,240,225,8. Sobolev Spaces and the Variational Formulation of Boundary Value Problems in One Dimension,8.4 Some Examples of Boundary Value Problems,text_with_possible_math,351,0,3,unprocessed,,
Brezis,241,226,8. Sobolev Spaces and the Variational Formulation of Boundary Value Problems in One Dimension,8.4 Some Examples of Boundary Value Problems,text_with_possible_math,307,0,1,unprocessed,,
Brezis,242,227,8. Sobolev Spaces and the Variational Formulation of Boundary Value Problems in One Dimension,8.4 Some Examples of Boundary Value Problems,text_with_possible_math,325,0,1,unprocessed,,
Brezis,243,228,8. Sobolev Spaces and the Variational Formulation of Boundary Value Problems in One Dimension,8.4 Some Examples of Boundary Value Problems,text_with_possible_math,349,0,6,unprocessed,,
Brezis,244,229,8. Sobolev Spaces and the Variational Formulation of Boundary Value Problems in One Dimension,8.5 The Maximum Principle,text_with_possible_math,274,0,1,unprocessed,,
Brezis,245,230,8. Sobolev Spaces and the Variational Formulation of Boundary Value Problems in One Dimension,8.5 The Maximum Principle,text_with_possible_math,363,0,0,unprocessed,,
Brezis,246,231,8. Sobolev Spaces and the Variational Formulation of Boundary Value Problems in One Dimension,8.6 Eigenfunctions and Spectral Decomposition,text_with_possible_math,311,0,1,unprocessed,,
Brezis,247,232,8. Sobolev Spaces and the Variational Formulation of Boundary Value Problems in One Dimension,8.6 Eigenfunctions and Spectral Decomposition,text_with_possible_math,311,0,1,unprocessed,,
Brezis,248,233,8. Sobolev Spaces and the Variational Formulation of Boundary Value Problems in One Dimension,Comments on Chapter 8,text_with_possible_math,310,0,7,unprocessed,,
Brezis,249,234,8. Sobolev Spaces and the Variational Formulation of Boundary Value Problems in One Dimension,Comments on Chapter 8,text_with_possible_math,381,0,4,unprocessed,,
Brezis,250,235,8. Sobolev Spaces and the Variational Formulation of Boundary Value Problems in One Dimension,Exercises for Chapter 8,text_with_possible_math,359,0,24,unprocessed,,
Brezis,251,236,8. Sobolev Spaces and the Variational Formulation of Boundary Value Problems in One Dimension,Exercises for Chapter 8,text_with_possible_math,269,0,13,unprocessed,,
Brezis,252,237,8. Sobolev Spaces and the Variational Formulation of Boundary Value Problems in One Dimension,Exercises for Chapter 8,text_with_possible_math,298,0,17,unprocessed,,
Brezis,253,238,8. Sobolev Spaces and the Variational Formulation of Boundary Value Problems in One Dimension,Exercises for Chapter 8,text_with_possible_math,320,0,16,unprocessed,,
Brezis,254,239,8. Sobolev Spaces and the Variational Formulation of Boundary Value Problems in One Dimension,Exercises for Chapter 8,text_with_possible_math,328,0,9,unprocessed,,
Brezis,255,240,8. Sobolev Spaces and the Variational Formulation of Boundary Value Problems in One Dimension,Exercises for Chapter 8,text_with_possible_math,384,0,13,unprocessed,,
Brezis,256,241,8. Sobolev Spaces and the Variational Formulation of Boundary Value Problems in One Dimension,Exercises for Chapter 8,text_with_possible_math,326,0,17,unprocessed,,
Brezis,257,242,8. Sobolev Spaces and the Variational Formulation of Boundary Value Problems in One Dimension,Exercises for Chapter 8,text_with_possible_math,349,0,20,unprocessed,,
Brezis,258,243,8. Sobolev Spaces and the Variational Formulation of Boundary Value Problems in One Dimension,Exercises for Chapter 8,text_with_possible_math,292,0,16,unprocessed,,
Brezis,259,244,8. Sobolev Spaces and the Variational Formulation of Boundary Value Problems in One Dimension,Exercises for Chapter 8,text_with_possible_math,336,0,15,unprocessed,,
Brezis,260,245,8. Sobolev Spaces and the Variational Formulation of Boundary Value Problems in One Dimension,Exercises for Chapter 8,text_with_possible_math,268,0,6,unprocessed,,
Brezis,261,246,8. Sobolev Spaces and the Variational Formulation of Boundary Value Problems in One Dimension,Exercises for Chapter 8,text_with_possible_math,362,0,11,unprocessed,,
Brezis,262,247,8. Sobolev Spaces and the Variational Formulation of Boundary Value Problems in One Dimension,Exercises for Chapter 8,text_with_possible_math,276,0,5,unprocessed,,
Brezis,263,248,8. Sobolev Spaces and the Variational Formulation of Boundary Value Problems in One Dimension,Exercises for Chapter 8,text_with_possible_math,293,0,6,unprocessed,,
Brezis,264,249,8. Sobolev Spaces and the Variational Formulation of Boundary Value Problems in One Dimension,Exercises for Chapter 8,text_with_possible_math,296,0,8,unprocessed,,
Brezis,265,250,8. Sobolev Spaces and the Variational Formulation of Boundary Value Problems in One Dimension,Exercises for Chapter 8,text_with_possible_math,280,0,10,unprocessed,,
Brezis,266,251,8. Sobolev Spaces and the Variational Formulation of Boundary Value Problems in One Dimension,Exercises for Chapter 8,text_with_possible_math,315,0,5,unprocessed,,
Brezis,267,252,8. Sobolev Spaces and the Variational Formulation of Boundary Value Problems in One Dimension,Exercises for Chapter 8,text_with_possible_math,231,0,9,unprocessed,,
Brezis,268,253,8. Sobolev Spaces and the Variational Formulation of Boundary Value Problems in One Dimension,Exercises for Chapter 8,text_with_possible_math,315,0,6,unprocessed,,
Brezis,269,254,8. Sobolev Spaces and the Variational Formulation of Boundary Value Problems in One Dimension,Exercises for Chapter 8,text_with_possible_math,348,0,8,unprocessed,,
Brezis,270,255,8. Sobolev Spaces and the Variational Formulation of Boundary Value Problems in One Dimension,Exercises for Chapter 8,text_with_possible_math,337,0,4,unprocessed,,
Brezis,271,256,8. Sobolev Spaces and the Variational Formulation of Boundary Value Problems in One Dimension,Exercises for Chapter 8,text_with_possible_math,320,0,8,unprocessed,,
Brezis,272,257,8. Sobolev Spaces and the Variational Formulation of Boundary Value Problems in One Dimension,Exercises for Chapter 8,text_with_possible_math,285,0,11,unprocessed,,
Brezis,273,258,8. Sobolev Spaces and the Variational Formulation of Boundary Value Problems in One Dimension,Exercises for Chapter 8,text_with_possible_math,269,0,7,unprocessed,,
Brezis,274,259,8. Sobolev Spaces and the Variational Formulation of Boundary Value Problems in One Dimension,Exercises for Chapter 8,text_with_possible_math,305,0,13,unprocessed,,
Brezis,275,260,8. Sobolev Spaces and the Variational Formulation of Boundary Value Problems in One Dimension,Exercises for Chapter 8,text_with_possible_math,343,0,7,unprocessed,,
Brezis,276,261,8. Sobolev Spaces and the Variational Formulation of Boundary Value Problems in One Dimension,Exercises for Chapter 8,text_with_possible_math,171,0,3,unprocessed,,
Brezis,277,262,8. Sobolev Spaces and the Variational Formulation of Boundary Value Problems in One Dimension,Exercises for Chapter 8,image_or_sparse,0,0,0,ai_review_passed,/home/moon/workspace/math_stat_ai/Functional Analysis/md/Brezis/chapter-08.md,/home/moon/workspace/math_stat_ai/Functional Analysis/work/pdf-to-md/api/brezis/brezis-p0277-status.json
Brezis,278,263,9. Sobolev Spaces and the Variational Formulation of Elliptic Boundary Value Problems in N Dimensions,9.1 Definition and Elementary Properties of the Sobolev Spaces,text_with_possible_math,236,0,20,unprocessed,,
Brezis,279,264,9. Sobolev Spaces and the Variational Formulation of Elliptic Boundary Value Problems in N Dimensions,9.1 Definition and Elementary Properties of the Sobolev Spaces,text_with_possible_math,499,0,17,unprocessed,,
Brezis,280,265,9. Sobolev Spaces and the Variational Formulation of Elliptic Boundary Value Problems in N Dimensions,9.1 Definition and Elementary Properties of the Sobolev Spaces,text_with_possible_math,313,0,17,unprocessed,,
Brezis,281,266,9. Sobolev Spaces and the Variational Formulation of Elliptic Boundary Value Problems in N Dimensions,9.1 Definition and Elementary Properties of the Sobolev Spaces,text_with_possible_math,260,0,22,unprocessed,,
Brezis,282,267,9. Sobolev Spaces and the Variational Formulation of Elliptic Boundary Value Problems in N Dimensions,9.1 Definition and Elementary Properties of the Sobolev Spaces,text_with_possible_math,384,0,2,unprocessed,,
Brezis,283,268,9. Sobolev Spaces and the Variational Formulation of Elliptic Boundary Value Problems in N Dimensions,9.1 Definition and Elementary Properties of the Sobolev Spaces,text_with_possible_math,293,0,1,unprocessed,,
Brezis,284,269,9. Sobolev Spaces and the Variational Formulation of Elliptic Boundary Value Problems in N Dimensions,9.1 Definition and Elementary Properties of the Sobolev Spaces,text_with_possible_math,434,0,6,unprocessed,,
Brezis,285,270,9. Sobolev Spaces and the Variational Formulation of Elliptic Boundary Value Problems in N Dimensions,9.1 Definition and Elementary Properties of the Sobolev Spaces,text_with_possible_math,409,0,21,unprocessed,,
Brezis,286,271,9. Sobolev Spaces and the Variational Formulation of Elliptic Boundary Value Problems in N Dimensions,9.1 Definition and Elementary Properties of the Sobolev Spaces,text_with_possible_math,268,0,5,unprocessed,,
Brezis,287,272,9. Sobolev Spaces and the Variational Formulation of Elliptic Boundary Value Problems in N Dimensions,9.2 Extension Operators,text_with_possible_math,317,0,2,unprocessed,,
Brezis,288,273,9. Sobolev Spaces and the Variational Formulation of Elliptic Boundary Value Problems in N Dimensions,9.2 Extension Operators,text_with_possible_math,219,0,6,unprocessed,,
Brezis,289,274,9. Sobolev Spaces and the Variational Formulation of Elliptic Boundary Value Problems in N Dimensions,9.2 Extension Operators,text_with_possible_math,244,0,19,unprocessed,,
Brezis,290,275,9. Sobolev Spaces and the Variational Formulation of Elliptic Boundary Value Problems in N Dimensions,9.2 Extension Operators,text_with_possible_math,179,0,9,unprocessed,,
Brezis,291,276,9. Sobolev Spaces and the Variational Formulation of Elliptic Boundary Value Problems in N Dimensions,9.2 Extension Operators,text_with_possible_math,371,0,3,unprocessed,,
Brezis,292,277,9. Sobolev Spaces and the Variational Formulation of Elliptic Boundary Value Problems in N Dimensions,9.2 Extension Operators,text_with_possible_math,385,0,5,unprocessed,,
Brezis,293,278,9. Sobolev Spaces and the Variational Formulation of Elliptic Boundary Value Problems in N Dimensions,9.3 Sobolev Inequalities,text_with_possible_math,374,0,8,unprocessed,,
Brezis,294,279,9. Sobolev Spaces and the Variational Formulation of Elliptic Boundary Value Problems in N Dimensions,9.3 Sobolev Inequalities,text_with_possible_math,227,0,0,unprocessed,,
Brezis,295,280,9. Sobolev Spaces and the Variational Formulation of Elliptic Boundary Value Problems in N Dimensions,9.3 Sobolev Inequalities,text_with_possible_math,275,0,8,unprocessed,,
Brezis,296,281,9. Sobolev Spaces and the Variational Formulation of Elliptic Boundary Value Problems in N Dimensions,9.3 Sobolev Inequalities,text_with_possible_math,213,0,4,unprocessed,,
Brezis,297,282,9. Sobolev Spaces and the Variational Formulation of Elliptic Boundary Value Problems in N Dimensions,9.3 Sobolev Inequalities,text_with_possible_math,310,0,12,unprocessed,,
Brezis,298,283,9. Sobolev Spaces and the Variational Formulation of Elliptic Boundary Value Problems in N Dimensions,9.3 Sobolev Inequalities,text_with_possible_math,312,0,12,unprocessed,,
Brezis,299,284,9. Sobolev Spaces and the Variational Formulation of Elliptic Boundary Value Problems in N Dimensions,9.3 Sobolev Inequalities,text_with_possible_math,303,0,6,unprocessed,,
Brezis,300,285,9. Sobolev Spaces and the Variational Formulation of Elliptic Boundary Value Problems in N Dimensions,9.3 Sobolev Inequalities,text_with_possible_math,385,0,16,unprocessed,,
Brezis,301,286,9. Sobolev Spaces and the Variational Formulation of Elliptic Boundary Value Problems in N Dimensions,9.3 Sobolev Inequalities,text_with_possible_math,303,0,4,unprocessed,,
Brezis,302,287,9. Sobolev Spaces and the Variational Formulation of Elliptic Boundary Value Problems in N Dimensions,"9.4 The Space W^{1,p}_0(Ω)",text_with_possible_math,486,0,1,unprocessed,,
Brezis,303,288,9. Sobolev Spaces and the Variational Formulation of Elliptic Boundary Value Problems in N Dimensions,"9.4 The Space W^{1,p}_0(Ω)",text_with_possible_math,370,0,9,unprocessed,,
Brezis,304,289,9. Sobolev Spaces and the Variational Formulation of Elliptic Boundary Value Problems in N Dimensions,"9.4 The Space W^{1,p}_0(Ω)",text_with_possible_math,297,0,11,unprocessed,,
Brezis,305,290,9. Sobolev Spaces and the Variational Formulation of Elliptic Boundary Value Problems in N Dimensions,"9.4 The Space W^{1,p}_0(Ω)",text_with_possible_math,384,0,4,unprocessed,,
Brezis,306,291,9. Sobolev Spaces and the Variational Formulation of Elliptic Boundary Value Problems in N Dimensions,9.5 Variational Formulation of Some Boundary Value Problems,text_with_possible_math,353,0,2,unprocessed,,
Brezis,307,292,9. Sobolev Spaces and the Variational Formulation of Elliptic Boundary Value Problems in N Dimensions,9.5 Variational Formulation of Some Boundary Value Problems,text_with_possible_math,325,0,18,unprocessed,,
Brezis,308,293,9. Sobolev Spaces and the Variational Formulation of Elliptic Boundary Value Problems in N Dimensions,9.5 Variational Formulation of Some Boundary Value Problems,text_with_possible_math,407,0,7,ai_review_passed,/home/moon/workspace/math_stat_ai/Functional Analysis/md/Brezis/chapter-09.md,/home/moon/workspace/math_stat_ai/Functional Analysis/work/pdf-to-md/api/brezis/brezis-p0308-status.json
Brezis,309,294,9. Sobolev Spaces and the Variational Formulation of Elliptic Boundary Value Problems in N Dimensions,9.5 Variational Formulation of Some Boundary Value Problems,text_with_possible_math,354,0,14,unprocessed,,
Brezis,310,295,9. Sobolev Spaces and the Variational Formulation of Elliptic Boundary Value Problems in N Dimensions,9.5 Variational Formulation of Some Boundary Value Problems,text_with_possible_math,405,0,10,unprocessed,,
Brezis,311,296,9. Sobolev Spaces and the Variational Formulation of Elliptic Boundary Value Problems in N Dimensions,9.5 Variational Formulation of Some Boundary Value Problems,text_with_possible_math,311,0,10,unprocessed,,
Brezis,312,297,9. Sobolev Spaces and the Variational Formulation of Elliptic Boundary Value Problems in N Dimensions,9.5 Variational Formulation of Some Boundary Value Problems,text_with_possible_math,293,0,7,unprocessed,,
Brezis,313,298,9. Sobolev Spaces and the Variational Formulation of Elliptic Boundary Value Problems in N Dimensions,9.6 Regularity of Weak Solutions,text_with_possible_math,317,0,6,unprocessed,,
Brezis,314,299,9. Sobolev Spaces and the Variational Formulation of Elliptic Boundary Value Problems in N Dimensions,9.6 Regularity of Weak Solutions,text_with_possible_math,353,0,8,unprocessed,,
Brezis,315,300,9. Sobolev Spaces and the Variational Formulation of Elliptic Boundary Value Problems in N Dimensions,9.6 Regularity of Weak Solutions,text_with_possible_math,240,0,5,unprocessed,,
Brezis,316,301,9. Sobolev Spaces and the Variational Formulation of Elliptic Boundary Value Problems in N Dimensions,9.6 Regularity of Weak Solutions,text_with_possible_math,281,0,4,unprocessed,,
Brezis,317,302,9. Sobolev Spaces and the Variational Formulation of Elliptic Boundary Value Problems in N Dimensions,9.6 Regularity of Weak Solutions,text_with_possible_math,322,0,7,unprocessed,,
Brezis,318,303,9. Sobolev Spaces and the Variational Formulation of Elliptic Boundary Value Problems in N Dimensions,9.6 Regularity of Weak Solutions,text_with_possible_math,394,0,5,unprocessed,,
Brezis,319,304,9. Sobolev Spaces and the Variational Formulation of Elliptic Boundary Value Problems in N Dimensions,9.6 Regularity of Weak Solutions,text_with_possible_math,278,0,24,unprocessed,,
Brezis,320,305,9. Sobolev Spaces and the Variational Formulation of Elliptic Boundary Value Problems in N Dimensions,9.6 Regularity of Weak Solutions,text_with_possible_math,273,0,9,unprocessed,,
Brezis,321,306,9. Sobolev Spaces and the Variational Formulation of Elliptic Boundary Value Problems in N Dimensions,9.6 Regularity of Weak Solutions,text_with_possible_math,315,0,28,unprocessed,,
Brezis,322,307,9. Sobolev Spaces and the Variational Formulation of Elliptic Boundary Value Problems in N Dimensions,9.7 The Maximum Principle,text_with_possible_math,390,0,6,unprocessed,,
Brezis,323,308,9. Sobolev Spaces and the Variational Formulation of Elliptic Boundary Value Problems in N Dimensions,9.7 The Maximum Principle,text_with_possible_math,335,0,5,unprocessed,,
Brezis,324,309,9. Sobolev Spaces and the Variational Formulation of Elliptic Boundary Value Problems in N Dimensions,9.7 The Maximum Principle,text_with_possible_math,321,0,13,unprocessed,,
Brezis,325,310,9. Sobolev Spaces and the Variational Formulation of Elliptic Boundary Value Problems in N Dimensions,9.7 The Maximum Principle,text_with_possible_math,322,0,4,unprocessed,,
Brezis,326,311,9. Sobolev Spaces and the Variational Formulation of Elliptic Boundary Value Problems in N Dimensions,9.8 Eigenfunctions and Spectral Decomposition,text_with_possible_math,380,0,4,unprocessed,,
Brezis,327,312,9. Sobolev Spaces and the Variational Formulation of Elliptic Boundary Value Problems in N Dimensions,Comments on Chapter 9,text_with_possible_math,496,0,4,unprocessed,,
Brezis,328,313,9. Sobolev Spaces and the Variational Formulation of Elliptic Boundary Value Problems in N Dimensions,Comments on Chapter 9,text_with_possible_math,292,0,5,unprocessed,,
Brezis,329,314,9. Sobolev Spaces and the Variational Formulation of Elliptic Boundary Value Problems in N Dimensions,Comments on Chapter 9,text_with_possible_math,419,0,7,unprocessed,,
Brezis,330,315,9. Sobolev Spaces and the Variational Formulation of Elliptic Boundary Value Problems in N Dimensions,Comments on Chapter 9,text_with_possible_math,359,0,4,unprocessed,,
Brezis,331,316,9. Sobolev Spaces and the Variational Formulation of Elliptic Boundary Value Problems in N Dimensions,Comments on Chapter 9,text_with_possible_math,444,0,9,unprocessed,,
Brezis,332,317,9. Sobolev Spaces and the Variational Formulation of Elliptic Boundary Value Problems in N Dimensions,Comments on Chapter 9,text_with_possible_math,438,0,17,unprocessed,,
Brezis,333,318,9. Sobolev Spaces and the Variational Formulation of Elliptic Boundary Value Problems in N Dimensions,Comments on Chapter 9,text_with_possible_math,497,0,7,unprocessed,,
Brezis,334,319,9. Sobolev Spaces and the Variational Formulation of Elliptic Boundary Value Problems in N Dimensions,Comments on Chapter 9,text_with_possible_math,389,0,6,unprocessed,,
Brezis,335,320,9. Sobolev Spaces and the Variational Formulation of Elliptic Boundary Value Problems in N Dimensions,Comments on Chapter 9,text_with_possible_math,409,0,13,unprocessed,,
Brezis,336,321,9. Sobolev Spaces and the Variational Formulation of Elliptic Boundary Value Problems in N Dimensions,Comments on Chapter 9,text_with_possible_math,438,0,5,unprocessed,,
Brezis,337,322,9. Sobolev Spaces and the Variational Formulation of Elliptic Boundary Value Problems in N Dimensions,Comments on Chapter 9,text_with_possible_math,336,0,3,unprocessed,,
Brezis,338,323,9. Sobolev Spaces and the Variational Formulation of Elliptic Boundary Value Problems in N Dimensions,Comments on Chapter 9,text_with_possible_math,302,0,1,unprocessed,,
Brezis,339,324,9. Sobolev Spaces and the Variational Formulation of Elliptic Boundary Value Problems in N Dimensions,Comments on Chapter 9,image_or_sparse,0,0,0,ai_review_passed,/home/moon/workspace/math_stat_ai/Functional Analysis/md/Brezis/chapter-09.md,/home/moon/workspace/math_stat_ai/Functional Analysis/work/pdf-to-md/api/brezis/brezis-p0339-status.json
Brezis,340,325,10. Evolution Problems: The Heat Equation and the Wave Equation,"10.1 The Heat Equation: Existence, Uniqueness, and Regularity",text_with_possible_math,115,0,26,unprocessed,,
Brezis,341,326,10. Evolution Problems: The Heat Equation and the Wave Equation,"10.1 The Heat Equation: Existence, Uniqueness, and Regularity",text_with_possible_math,461,0,7,unprocessed,,
Brezis,342,327,10. Evolution Problems: The Heat Equation and the Wave Equation,"10.1 The Heat Equation: Existence, Uniqueness, and Regularity",text_with_possible_math,336,0,2,unprocessed,,
Brezis,343,328,10. Evolution Problems: The Heat Equation and the Wave Equation,"10.1 The Heat Equation: Existence, Uniqueness, and Regularity",text_with_possible_math,307,0,9,unprocessed,,
Brezis,344,329,10. Evolution Problems: The Heat Equation and the Wave Equation,"10.1 The Heat Equation: Existence, Uniqueness, and Regularity",text_with_possible_math,310,0,6,unprocessed,,
Brezis,345,330,10. Evolution Problems: The Heat Equation and the Wave Equation,"10.1 The Heat Equation: Existence, Uniqueness, and Regularity",text_with_possible_math,412,0,8,unprocessed,,
Brezis,346,331,10. Evolution Problems: The Heat Equation and the Wave Equation,"10.1 The Heat Equation: Existence, Uniqueness, and Regularity",text_with_possible_math,297,0,3,unprocessed,,
Brezis,347,332,10. Evolution Problems: The Heat Equation and the Wave Equation,"10.1 The Heat Equation: Existence, Uniqueness, and Regularity",text_with_possible_math,305,0,11,unprocessed,,
Brezis,348,333,10. Evolution Problems: The Heat Equation and the Wave Equation,10.2 The Maximum Principle,text_with_possible_math,225,0,1,unprocessed,,
Brezis,349,334,10. Evolution Problems: The Heat Equation and the Wave Equation,10.2 The Maximum Principle,text_with_possible_math,342,0,14,unprocessed,,
Brezis,350,335,10. Evolution Problems: The Heat Equation and the Wave Equation,10.3 The Wave Equation,text_with_possible_math,271,0,28,unprocessed,,
Brezis,351,336,10. Evolution Problems: The Heat Equation and the Wave Equation,10.3 The Wave Equation,text_with_possible_math,444,0,6,unprocessed,,
Brezis,352,337,10. Evolution Problems: The Heat Equation and the Wave Equation,10.3 The Wave Equation,text_with_possible_math,329,0,5,unprocessed,,
Brezis,353,338,10. Evolution Problems: The Heat Equation and the Wave Equation,10.3 The Wave Equation,text_with_possible_math,300,0,11,unprocessed,,
Brezis,354,339,10. Evolution Problems: The Heat Equation and the Wave Equation,10.3 The Wave Equation,text_with_possible_math,355,0,10,unprocessed,,
Brezis,355,340,10. Evolution Problems: The Heat Equation and the Wave Equation,Comments on Chapter 10,text_with_possible_math,378,0,3,unprocessed,,
Brezis,356,341,10. Evolution Problems: The Heat Equation and the Wave Equation,Comments on Chapter 10,text_with_possible_math,321,0,9,unprocessed,,
Brezis,357,342,10. Evolution Problems: The Heat Equation and the Wave Equation,Comments on Chapter 10,text_with_possible_math,410,0,9,unprocessed,,
Brezis,358,343,10. Evolution Problems: The Heat Equation and the Wave Equation,Comments on Chapter 10,text_with_possible_math,337,0,15,unprocessed,,
Brezis,359,344,10. Evolution Problems: The Heat Equation and the Wave Equation,Comments on Chapter 10,text_with_possible_math,396,0,6,unprocessed,,
Brezis,360,345,10. Evolution Problems: The Heat Equation and the Wave Equation,Comments on Chapter 10,text_with_possible_math,355,0,11,unprocessed,,
Brezis,361,346,10. Evolution Problems: The Heat Equation and the Wave Equation,Comments on Chapter 10,text_with_possible_math,510,0,1,unprocessed,,
Brezis,362,347,10. Evolution Problems: The Heat Equation and the Wave Equation,Comments on Chapter 10,text_with_possible_math,349,0,29,unprocessed,,
Brezis,363,348,10. Evolution Problems: The Heat Equation and the Wave Equation,Comments on Chapter 10,image_or_sparse,0,0,0,unprocessed,,
Brezis,364,349,11. Miscellaneous Complements,11.1 Finite-Dimensional and Finite-Codimensional Spaces,text_with_possible_math,342,0,0,unprocessed,,
Brezis,365,350,11. Miscellaneous Complements,11.1 Finite-Dimensional and Finite-Codimensional Spaces,text_with_possible_math,467,0,4,unprocessed,,
Brezis,366,351,11. Miscellaneous Complements,11.1 Finite-Dimensional and Finite-Codimensional Spaces,text_with_possible_math,487,0,1,unprocessed,,
Brezis,367,352,11. Miscellaneous Complements,11.1 Finite-Dimensional and Finite-Codimensional Spaces,text_with_possible_math,396,0,0,unprocessed,,
Brezis,368,353,11. Miscellaneous Complements,11.2 Quotient Spaces,text_with_possible_math,439,0,2,unprocessed,,
Brezis,369,354,11. Miscellaneous Complements,11.2 Quotient Spaces,text_with_possible_math,362,0,0,unprocessed,,
Brezis,370,355,11. Miscellaneous Complements,11.2 Quotient Spaces,text_with_possible_math,280,0,2,unprocessed,,
Brezis,371,356,11. Miscellaneous Complements,11.2 Quotient Spaces,text_with_possible_math,455,0,3,unprocessed,,
Brezis,372,357,11. Miscellaneous Complements,11.3 Some Classical Spaces of Sequences,text_with_possible_math,247,0,2,unprocessed,,
Brezis,373,358,11. Miscellaneous Complements,11.3 Some Classical Spaces of Sequences,text_with_possible_math,307,0,1,unprocessed,,
Brezis,374,359,11. Miscellaneous Complements,11.3 Some Classical Spaces of Sequences,text_with_possible_math,206,0,0,unprocessed,,
Brezis,375,360,11. Miscellaneous Complements,11.3 Some Classical Spaces of Sequences,text_with_possible_math,261,0,0,unprocessed,,
Brezis,376,361,11. Miscellaneous Complements,11.4 Banach Spaces over \mathbb{C}: What Is Similar and What Is Different?,text_with_possible_math,398,0,37,unprocessed,,
Brezis,377,362,11. Miscellaneous Complements,11.4 Banach Spaces over \mathbb{C}: What Is Similar and What Is Different?,text_with_possible_math,417,0,12,unprocessed,,
Brezis,378,363,11. Miscellaneous Complements,11.4 Banach Spaces over \mathbb{C}: What Is Similar and What Is Different?,text_with_possible_math,440,0,1,unprocessed,,
Brezis,379,364,11. Miscellaneous Complements,11.4 Banach Spaces over \mathbb{C}: What Is Similar and What Is Different?,text_with_possible_math,354,0,3,unprocessed,,
Brezis,380,365,11. Miscellaneous Complements,11.4 Banach Spaces over \mathbb{C}: What Is Similar and What Is Different?,text_with_possible_math,319,0,5,unprocessed,,
Brezis,381,366,11. Miscellaneous Complements,11.4 Banach Spaces over \mathbb{C}: What Is Similar and What Is Different?,text_with_possible_math,405,0,2,unprocessed,,
Brezis,382,367,11. Miscellaneous Complements,11.4 Banach Spaces over \mathbb{C}: What Is Similar and What Is Different?,text_with_possible_math,429,0,2,unprocessed,,
Brezis,383,368,11. Miscellaneous Complements,11.4 Banach Spaces over \mathbb{C}: What Is Similar and What Is Different?,text_with_possible_math,433,0,3,unprocessed,,
Brezis,384,369,11. Miscellaneous Complements,11.4 Banach Spaces over \mathbb{C}: What Is Similar and What Is Different?,text_with_possible_math,502,0,2,unprocessed,,
Brezis,385,370,11. Miscellaneous Complements,11.4 Banach Spaces over \mathbb{C}: What Is Similar and What Is Different?,text_with_possible_math,237,0,11,unprocessed,,
Brezis,386,371,,,text_with_possible_math,181,0,12,unprocessed,,
Brezis,387,372,,,text_with_possible_math,207,0,8,unprocessed,,
Brezis,388,373,,,text_with_possible_math,403,0,26,unprocessed,,
Brezis,389,374,,,text_with_possible_math,373,0,15,unprocessed,,
Brezis,390,375,,,text_with_possible_math,267,0,15,unprocessed,,
Brezis,391,376,,,text_with_possible_math,226,0,21,unprocessed,,
Brezis,392,377,,,text_with_possible_math,227,0,4,unprocessed,,
Brezis,393,378,,,text_with_possible_math,285,0,4,unprocessed,,
Brezis,394,379,,,text_with_possible_math,372,0,25,unprocessed,,
Brezis,395,380,,,text_with_possible_math,349,0,12,unprocessed,,
Brezis,396,381,,,text_with_possible_math,330,0,16,unprocessed,,
Brezis,397,382,,,text_with_possible_math,500,0,16,unprocessed,,
Brezis,398,383,,,text_with_possible_math,359,0,16,unprocessed,,
Brezis,399,384,,,text_with_possible_math,322,0,21,unprocessed,,
Brezis,400,385,,,text_with_possible_math,303,0,22,unprocessed,,
Brezis,401,386,,,text_with_possible_math,459,0,9,unprocessed,,
Brezis,402,387,,,text_with_possible_math,360,0,13,unprocessed,,
Brezis,403,388,,,text_with_possible_math,445,0,10,unprocessed,,
Brezis,404,389,,,text_with_possible_math,403,0,24,unprocessed,,
Brezis,405,390,,,text_with_possible_math,417,0,18,unprocessed,,
Brezis,406,391,,,text_with_possible_math,290,0,17,unprocessed,,
Brezis,407,392,,,text_with_possible_math,337,0,12,unprocessed,,
Brezis,408,393,,,text_with_possible_math,334,0,26,unprocessed,,
Brezis,409,394,,,text_with_possible_math,416,0,15,unprocessed,,
Brezis,410,395,,,text_with_possible_math,353,0,16,unprocessed,,
Brezis,411,396,,,text_with_possible_math,313,0,6,unprocessed,,
Brezis,412,397,,,text_with_possible_math,280,0,18,unprocessed,,
Brezis,413,398,,,text_with_possible_math,326,0,8,unprocessed,,
Brezis,414,399,,,text_with_possible_math,228,0,7,unprocessed,,
Brezis,415,400,,,text_with_possible_math,362,0,27,unprocessed,,
Brezis,416,401,,,text_with_possible_math,221,0,4,unprocessed,,
Brezis,417,402,,,text_with_possible_math,333,0,9,unprocessed,,
Brezis,418,403,,,text_with_possible_math,325,0,17,unprocessed,,
Brezis,419,404,,,text_with_possible_math,348,0,11,unprocessed,,
Brezis,420,405,,,text_with_possible_math,232,0,10,unprocessed,,
Brezis,421,406,,,text_with_possible_math,330,0,12,unprocessed,,
Brezis,422,407,,,text_with_possible_math,380,0,12,unprocessed,,
Brezis,423,408,,,text_with_possible_math,334,0,17,unprocessed,,
Brezis,424,409,,,text_with_possible_math,419,0,27,unprocessed,,
Brezis,425,410,,,text_with_possible_math,453,0,18,unprocessed,,
Brezis,426,411,,,text_with_possible_math,446,0,31,unprocessed,,
Brezis,427,412,,,text_with_possible_math,447,0,36,unprocessed,,
Brezis,428,413,,,text_with_possible_math,405,0,12,unprocessed,,
Brezis,429,414,,,text_with_possible_math,314,0,4,unprocessed,,
Brezis,430,415,,,text_with_possible_math,351,0,25,unprocessed,,
Brezis,431,416,,,text_with_possible_math,427,0,16,unprocessed,,
Brezis,432,417,,,text_with_possible_math,362,0,11,unprocessed,,
Brezis,433,418,,,text_with_possible_math,304,0,12,unprocessed,,
Brezis,434,419,,,text_with_possible_math,265,0,16,unprocessed,,
Brezis,435,420,,,text_with_possible_math,195,0,18,unprocessed,,
Brezis,436,421,,,text_with_possible_math,275,0,25,unprocessed,,
Brezis,437,422,,,text_with_possible_math,184,0,17,unprocessed,,
Brezis,438,423,,,text_with_possible_math,220,0,8,unprocessed,,
Brezis,439,424,,,text_with_possible_math,286,0,21,unprocessed,,
Brezis,440,425,,,text_with_possible_math,379,0,16,unprocessed,,
Brezis,441,426,,,text_with_possible_math,463,0,30,unprocessed,,
Brezis,442,427,,,text_with_possible_math,287,0,22,unprocessed,,
Brezis,443,428,,,text_with_possible_math,350,0,10,unprocessed,,
Brezis,444,429,,,text_with_possible_math,262,0,5,unprocessed,,
Brezis,445,430,,,text_with_possible_math,356,0,13,unprocessed,,
Brezis,446,431,,,text_with_possible_math,413,0,15,unprocessed,,
Brezis,447,432,,,text_with_possible_math,312,0,8,unprocessed,,
Brezis,448,433,,,text_with_possible_math,170,0,9,unprocessed,,
Brezis,449,434,,,mixed_or_sparse,35,0,4,unprocessed,,
Brezis,450,435,,,text_with_possible_math,275,0,0,unprocessed,,
Brezis,451,436,,,text_with_possible_math,263,0,0,unprocessed,,
Brezis,452,437,,,text_with_possible_math,268,0,3,unprocessed,,
Brezis,453,438,,,text_with_possible_math,283,0,0,unprocessed,,
Brezis,454,439,,,text_with_possible_math,256,0,0,unprocessed,,
Brezis,455,440,,,text_with_possible_math,258,0,7,unprocessed,,
Brezis,456,441,,,text_with_possible_math,298,0,8,unprocessed,,
Brezis,457,442,,,text_with_possible_math,329,0,4,unprocessed,,
Brezis,458,443,,,text_with_possible_math,256,0,1,unprocessed,,
Brezis,459,444,,,text_with_possible_math,205,0,4,unprocessed,,
Brezis,460,445,,,text_with_possible_math,278,0,0,unprocessed,,
Brezis,461,446,,,text_with_possible_math,240,0,3,unprocessed,,
Brezis,462,447,,,text_with_possible_math,331,0,2,unprocessed,,
Brezis,463,448,,,text_with_possible_math,307,0,5,unprocessed,,
Brezis,464,449,,,text_with_possible_math,255,0,9,unprocessed,,
Brezis,465,450,,,text_with_possible_math,270,0,4,unprocessed,,
Brezis,466,451,,,text_with_possible_math,225,0,5,unprocessed,,
Brezis,467,452,,,text_with_possible_math,274,0,2,unprocessed,,
Brezis,468,453,,,text_with_possible_math,260,0,4,unprocessed,,
Brezis,469,454,,,text_with_possible_math,213,0,4,unprocessed,,
Brezis,470,455,,,text_with_possible_math,249,0,1,unprocessed,,
Brezis,471,456,,,text_with_possible_math,281,0,0,unprocessed,,
Brezis,472,457,,,text_with_possible_math,264,0,4,unprocessed,,
Brezis,473,458,,,text_with_possible_math,247,0,2,unprocessed,,
Brezis,474,459,,,text_with_possible_math,292,0,1,unprocessed,,
Brezis,475,460,,,text_with_possible_math,254,0,1,unprocessed,,
Brezis,476,461,,,text_with_possible_math,235,0,3,unprocessed,,
Brezis,477,462,,,text_with_possible_math,241,0,1,unprocessed,,
Brezis,478,463,,,text_with_possible_math,211,0,0,unprocessed,,
Brezis,479,464,,,text_with_possible_math,269,0,3,unprocessed,,
Brezis,480,465,,,text_with_possible_math,261,0,0,unprocessed,,
Brezis,481,466,,,text_with_possible_math,269,0,0,unprocessed,,
Brezis,482,467,,,text_with_possible_math,276,0,1,unprocessed,,
Brezis,483,468,,,text_with_possible_math,309,0,2,unprocessed,,
Brezis,484,469,,,text_with_possible_math,251,0,1,unprocessed,,
Brezis,485,470,,,text_with_possible_math,282,0,9,unprocessed,,
Brezis,486,471,,,text_with_possible_math,297,0,7,unprocessed,,
Brezis,487,472,,,text_with_possible_math,349,0,4,unprocessed,,
Brezis,488,473,,,text_with_possible_math,294,0,3,unprocessed,,
Brezis,489,474,,,text_with_possible_math,288,0,4,unprocessed,,
Brezis,490,475,,,text_with_possible_math,313,0,8,unprocessed,,
Brezis,491,476,,,text_with_possible_math,329,0,0,unprocessed,,
Brezis,492,477,,,text_with_possible_math,279,0,2,unprocessed,,
Brezis,493,478,,,text_with_possible_math,281,0,2,unprocessed,,
Brezis,494,479,,,text_with_possible_math,209,0,5,unprocessed,,
Brezis,495,480,,,text_with_possible_math,193,0,4,unprocessed,,
Brezis,496,481,,,text_with_possible_math,317,0,10,unprocessed,,
Brezis,497,482,,,text_with_possible_math,332,0,10,unprocessed,,
Brezis,498,483,,,text_with_possible_math,232,0,2,unprocessed,,
Brezis,499,484,,,text_with_possible_math,273,0,4,unprocessed,,
Brezis,500,485,,,text_with_possible_math,253,0,2,unprocessed,,
Brezis,501,486,,,text_with_possible_math,307,0,3,unprocessed,,
Brezis,502,487,,,text_with_possible_math,339,0,8,unprocessed,,
Brezis,503,488,,,text_with_possible_math,221,0,3,unprocessed,,
Brezis,504,489,,,text_with_possible_math,229,0,0,unprocessed,,
Brezis,505,490,,,text_with_possible_math,225,0,1,unprocessed,,
Brezis,506,491,,,text_with_possible_math,257,0,8,unprocessed,,
Brezis,507,492,,,text_with_possible_math,307,0,1,unprocessed,,
Brezis,508,493,,,text_with_possible_math,287,0,0,unprocessed,,
Brezis,509,494,,,text_with_possible_math,409,0,0,unprocessed,,
Brezis,510,495,,,text_with_possible_math,380,0,0,unprocessed,,
Brezis,511,496,,,text_with_possible_math,309,0,4,unprocessed,,
Brezis,512,497,,,text_with_possible_math,321,0,1,unprocessed,,
Brezis,513,498,,,text_with_possible_math,306,0,0,unprocessed,,
Brezis,514,499,,,text_with_possible_math,241,0,0,unprocessed,,
Brezis,515,500,,,text_with_possible_math,228,0,2,unprocessed,,
Brezis,516,501,,,text_with_possible_math,363,0,0,unprocessed,,
Brezis,517,502,,,text_with_possible_math,241,0,11,unprocessed,,
Brezis,518,503,,,text_with_possible_math,279,0,5,unprocessed,,
Brezis,519,504,,,text_with_possible_math,302,0,4,unprocessed,,
Brezis,520,505,,,text_with_possible_math,305,0,0,unprocessed,,
Brezis,521,506,,,text_with_possible_math,335,0,0,unprocessed,,
Brezis,522,507,,,text_with_possible_math,278,0,0,unprocessed,,
Brezis,523,508,,,text_with_possible_math,254,0,6,unprocessed,,
Brezis,524,509,,,text_with_possible_math,297,0,0,unprocessed,,
Brezis,525,510,,,text_with_possible_math,313,0,3,unprocessed,,
Brezis,526,511,,,text_with_possible_math,261,0,4,unprocessed,,
Brezis,527,512,,,text_with_possible_math,273,0,7,unprocessed,,
Brezis,528,513,,,text_with_possible_math,246,0,9,unprocessed,,
Brezis,529,514,,,text_with_possible_math,272,0,1,unprocessed,,
Brezis,530,515,,,text_with_possible_math,390,0,1,unprocessed,,
Brezis,531,516,,,text_with_possible_math,251,0,7,unprocessed,,
Brezis,532,517,,,text_with_possible_math,284,0,1,unprocessed,,
Brezis,533,518,,,text_with_possible_math,275,0,2,unprocessed,,
Brezis,534,519,,,text_with_possible_math,256,0,7,unprocessed,,
Brezis,535,520,,,text_with_possible_math,287,0,0,unprocessed,,
Brezis,536,521,,,text_with_possible_math,337,0,0,unprocessed,,
Brezis,537,522,,,text_with_possible_math,294,0,4,unprocessed,,
Brezis,538,523,,,text_with_possible_math,339,0,1,unprocessed,,
Brezis,539,524,,,text_with_possible_math,421,0,8,unprocessed,,
Brezis,540,525,,,text_with_possible_math,333,0,29,unprocessed,,
Brezis,541,526,,,text_with_possible_math,324,0,11,unprocessed,,
Brezis,542,527,,,text_with_possible_math,370,0,3,unprocessed,,
Brezis,543,528,,,text_with_possible_math,371,0,10,unprocessed,,
Brezis,544,529,,,text_with_possible_math,290,0,1,unprocessed,,
Brezis,545,530,,,text_with_possible_math,427,0,7,unprocessed,,
Brezis,546,531,,,text_with_possible_math,388,0,6,unprocessed,,
Brezis,547,532,,,text_with_possible_math,340,0,0,unprocessed,,
Brezis,548,533,,,text_with_possible_math,303,0,4,unprocessed,,
Brezis,549,534,,,text_with_possible_math,343,0,6,unprocessed,,
Brezis,550,535,,,text_with_possible_math,224,0,2,unprocessed,,
Brezis,551,536,,,text_with_possible_math,270,0,7,unprocessed,,
Brezis,552,537,,,text_with_possible_math,314,0,12,unprocessed,,
Brezis,553,538,,,text_with_possible_math,343,0,3,unprocessed,,
Brezis,554,539,,,text_with_possible_math,314,0,4,unprocessed,,
Brezis,555,540,,,text_with_possible_math,323,0,7,unprocessed,,
Brezis,556,541,,,text_with_possible_math,280,0,4,unprocessed,,
Brezis,557,542,,,text_with_possible_math,283,0,1,unprocessed,,
Brezis,558,543,,,text_with_possible_math,232,0,1,unprocessed,,
Brezis,559,544,,,text_with_possible_math,276,0,4,unprocessed,,
Brezis,560,545,,,text_with_possible_math,318,0,0,unprocessed,,
Brezis,561,546,,,text_with_possible_math,360,0,0,unprocessed,,
Brezis,562,547,,,text_with_possible_math,305,0,3,unprocessed,,
Brezis,563,548,,,text_with_possible_math,312,0,4,unprocessed,,
Brezis,564,549,,,text_with_possible_math,378,0,2,unprocessed,,
Brezis,565,550,,,text_with_possible_math,275,0,23,unprocessed,,
Brezis,566,551,,,text_with_possible_math,349,0,18,unprocessed,,
Brezis,567,552,,,text_with_possible_math,186,0,6,unprocessed,,
Brezis,568,553,,,text_with_possible_math,272,0,1,unprocessed,,
Brezis,569,554,,,text_with_possible_math,251,0,6,unprocessed,,
Brezis,570,555,,,text_with_possible_math,241,0,1,unprocessed,,
Brezis,571,556,,,text_with_possible_math,241,0,4,unprocessed,,
Brezis,572,557,,,text_with_possible_math,320,0,2,unprocessed,,
Brezis,573,558,,,text_with_possible_math,354,0,1,unprocessed,,
Brezis,574,559,,,text_with_possible_math,285,0,12,unprocessed,,
Brezis,575,560,,,text_with_possible_math,274,0,12,unprocessed,,
Brezis,576,561,,,text_with_possible_math,294,0,20,unprocessed,,
Brezis,577,562,,,text_with_possible_math,242,0,3,unprocessed,,
Brezis,578,563,,,text_with_possible_math,317,0,0,unprocessed,,
Brezis,579,564,,,text_with_possible_math,343,0,0,unprocessed,,
Brezis,580,565,,,text_with_possible_math,524,0,0,unprocessed,,
Brezis,581,566,,,text_with_possible_math,346,0,0,unprocessed,,
Brezis,582,567,,,text_with_possible_math,560,0,8,unprocessed,,
Brezis,583,568,,,text_with_possible_math,475,0,19,unprocessed,,
Brezis,584,569,,,text_with_possible_math,284,0,12,unprocessed,,
Brezis,585,570,,,text_with_possible_math,501,0,6,unprocessed,,
Brezis,586,571,,,text_with_possible_math,514,0,0,unprocessed,,
Brezis,587,572,,,text_with_possible_math,614,0,7,unprocessed,,
Brezis,588,573,,,text_with_possible_math,360,0,4,unprocessed,,
Brezis,589,574,,,text_with_possible_math,342,0,7,unprocessed,,
Brezis,590,575,,,text_with_possible_math,199,0,8,unprocessed,,
Brezis,591,576,,,text_with_possible_math,247,0,10,unprocessed,,
Brezis,592,577,,,text_with_possible_math,299,0,8,unprocessed,,
Brezis,593,578,,,text_with_possible_math,341,0,19,unprocessed,,
Brezis,594,579,,,text_with_possible_math,297,0,12,unprocessed,,
Brezis,595,580,,,text_with_possible_math,392,0,18,unprocessed,,
Brezis,596,581,,,text_with_possible_math,296,0,8,unprocessed,,
Brezis,597,582,,,text_with_possible_math,194,0,3,unprocessed,,
Brezis,598,583,,,text_with_possible_math,212,0,4,unprocessed,,
Brezis,599,584,,,text_with_possible_math,328,0,16,unprocessed,,
Brezis,600,585,,,text_with_possible_math,340,0,0,unprocessed,,
Brezis,601,586,,,text_with_possible_math,432,0,0,unprocessed,,
Brezis,602,587,,,text_with_possible_math,393,0,0,unprocessed,,
Brezis,603,588,,,text_with_possible_math,409,0,0,unprocessed,,
Brezis,604,589,,,text_with_possible_math,412,0,0,unprocessed,,
Brezis,605,590,,,text_with_possible_math,386,0,0,unprocessed,,
Brezis,606,591,,,text_with_possible_math,416,0,0,unprocessed,,
Brezis,607,592,,,text_with_possible_math,444,0,0,unprocessed,,
Brezis,608,593,,,text_with_possible_math,416,0,0,unprocessed,,
Brezis,609,594,,,text_with_possible_math,353,0,0,unprocessed,,
Brezis,610,595,,,text_with_possible_math,208,0,0,unprocessed,,
Brezis,611,596,,,text_with_possible_math,304,0,0,unprocessed,,
Brezis,612,597,,,text_with_possible_math,277,0,0,unprocessed,,
Brezis,613,598,,,text_with_possible_math,287,0,0,unprocessed,,
Brezis,614,599,,,mixed_or_sparse,77,0,0,unprocessed,,
