book,pdf_page,seconds,blocks,equation_blocks,image_blocks,markdown_chars,review_model,review_input_tokens,review_output_tokens,review_status
Brezis,1,12.5,4,0,0,130,gpt-6-luna,1981,240,model_reviewed_needs_visual_confirmation
Brezis,8,11.48,5,0,0,2533,gpt-6-luna,2662,540,model_reviewed_needs_visual_confirmation
Brezis,12,13.57,3,0,0,1251,gpt-6-luna,2500,432,model_reviewed_needs_visual_confirmation
Brezis,16,41.73,15,4,0,1972,gpt-6-luna,2748,553,model_reviewed_needs_visual_confirmation
Brezis,21,57.36,14,3,1,2337,gpt-6-luna,3011,769,model_reviewed_needs_visual_confirmation
Brezis,45,11.54,0,0,0,45,gpt-6-luna,2138,105,model_reviewed_needs_visual_confirmation
Brezis,103,11.7,0,0,0,46,gpt-6-luna,2138,264,model_reviewed_needs_visual_confirmation
Brezis,195,12.09,0,0,0,46,gpt-6-luna,2138,148,model_reviewed_needs_visual_confirmation
Brezis,215,12.02,0,0,0,46,gpt-6-luna,2138,180,model_reviewed_needs_visual_confirmation
Brezis,277,12.21,0,0,0,46,gpt-6-luna,2138,117,model_reviewed_needs_visual_confirmation
Brezis,308,54.25,24,6,0,3477,gpt-6-luna,3363,837,model_reviewed_needs_visual_confirmation
Brezis,339,11.4,0,0,0,46,gpt-6-luna,2138,181,model_reviewed_needs_visual_confirmation
Conway,1,11.97,5,0,0,150,gpt-6-luna,2369,130,model_reviewed_needs_visual_confirmation
Conway,16,46.4,11,0,0,1847,gpt-6-luna,2886,756,model_reviewed_needs_visual_confirmation
Conway,21,69.17,16,3,0,2774,gpt-6-luna,3444,798,model_reviewed_needs_visual_confirmation
Conway,50,64.88,26,2,0,2967,gpt-6-luna,3498,878,model_reviewed_needs_visual_confirmation
Conway,90,68.59,16,3,0,3053,gpt-6-luna,3461,765,model_reviewed_needs_visual_confirmation
Conway,100,61.4,20,5,0,2530,gpt-6-luna,3345,759,model_reviewed_needs_visual_confirmation
Conway,150,93.09,13,2,0,4276,gpt-6-luna,3942,488,model_reviewed_needs_visual_confirmation
Conway,209,79.92,12,0,0,4397,gpt-6-luna,3914,1011,model_reviewed_needs_visual_confirmation
Conway,250,69.84,19,2,0,3067,gpt-6-luna,3573,918,model_reviewed_needs_visual_confirmation
Conway,300,45.86,16,0,1,2611,gpt-6-luna,3111,778,model_reviewed_needs_visual_confirmation
Conway,350,57.69,18,5,0,2836,gpt-6-luna,3452,834,model_reviewed_needs_visual_confirmation
Conway,416,14.47,33,0,0,1687,gpt-6-luna,2809,977,model_reviewed_needs_visual_confirmation
