book,pdf_page,section,source_page,output_md,status
Brezis,1,front-matter,reviewed/brezis/page-0001.md,front-matter.md,subagent_visual_reviewed
Brezis,2,front-matter,reviewed/brezis/page-0002.md,front-matter.md,subagent_visual_reviewed
Brezis,3,front-matter,reviewed/brezis/page-0003.md,front-matter.md,source_blank_page
Brezis,4,front-matter,reviewed/brezis/page-0004.md,front-matter.md,subagent_visual_reviewed
Brezis,5,front-matter,reviewed/brezis/page-0005.md,front-matter.md,subagent_visual_reviewed
Brezis,6,front-matter,reviewed/brezis/page-0006.md,front-matter.md,subagent_visual_reviewed
Brezis,7,front-matter,reviewed/brezis/page-0007.md,front-matter.md,source_blank_page
Brezis,8,front-matter,reviewed/brezis/page-0008.md,front-matter.md,subagent_visual_reviewed
Brezis,9,front-matter,reviewed/brezis/page-0009.md,front-matter.md,subagent_visual_reviewed
Brezis,10,front-matter,reviewed/brezis/page-0010.md,front-matter.md,subagent_visual_reviewed
Brezis,11,front-matter,reviewed/brezis/page-0011.md,front-matter.md,source_blank_page
Brezis,12,front-matter,reviewed/brezis/page-0012.md,front-matter.md,subagent_visual_reviewed
Brezis,13,front-matter,reviewed/brezis/page-0013.md,front-matter.md,subagent_visual_reviewed
Brezis,14,front-matter,reviewed/brezis/page-0014.md,front-matter.md,subagent_visual_reviewed
Brezis,15,front-matter,reviewed/brezis/page-0015.md,front-matter.md,source_blank_page
Brezis,16,chapter-01,reviewed/brezis/page-0016.md,chapter-01.md,subagent_visual_reviewed
Brezis,17,chapter-01,reviewed/brezis/page-0017.md,chapter-01.md,subagent_visual_reviewed
Brezis,18,chapter-01,reviewed/brezis/page-0018.md,chapter-01.md,subagent_visual_reviewed
Brezis,19,chapter-01,reviewed/brezis/page-0019.md,chapter-01.md,subagent_visual_reviewed
Brezis,20,chapter-01,reviewed/brezis/page-0020.md,chapter-01.md,subagent_visual_reviewed
Brezis,21,chapter-01,reviewed/brezis/page-0021.md,chapter-01.md,subagent_visual_reviewed
Brezis,22,chapter-01,reviewed/brezis/page-0022.md,chapter-01.md,subagent_visual_reviewed
Brezis,23,chapter-01,reviewed/brezis/page-0023.md,chapter-01.md,subagent_visual_reviewed
Brezis,24,chapter-01,reviewed/brezis/page-0024.md,chapter-01.md,subagent_visual_reviewed
Brezis,25,chapter-01,reviewed/brezis/page-0025.md,chapter-01.md,subagent_visual_reviewed
Brezis,26,chapter-01,reviewed/brezis/page-0026.md,chapter-01.md,subagent_visual_reviewed
Brezis,27,chapter-01,reviewed/brezis/page-0027.md,chapter-01.md,subagent_visual_reviewed
Brezis,28,chapter-01,reviewed/brezis/page-0028.md,chapter-01.md,subagent_visual_reviewed
Brezis,29,chapter-01,reviewed/brezis/page-0029.md,chapter-01.md,subagent_visual_reviewed
Brezis,30,chapter-01,reviewed/brezis/page-0030.md,chapter-01.md,subagent_visual_reviewed
Brezis,31,chapter-01,reviewed/brezis/page-0031.md,chapter-01.md,subagent_visual_reviewed
Brezis,32,chapter-01,reviewed/brezis/page-0032.md,chapter-01.md,subagent_visual_reviewed
Brezis,33,chapter-01,reviewed/brezis/page-0033.md,chapter-01.md,subagent_visual_reviewed
Brezis,34,chapter-01,reviewed/brezis/page-0034.md,chapter-01.md,subagent_visual_reviewed
Brezis,35,chapter-01,reviewed/brezis/page-0035.md,chapter-01.md,subagent_visual_reviewed
Brezis,36,chapter-01,reviewed/brezis/page-0036.md,chapter-01.md,subagent_visual_reviewed
Brezis,37,chapter-01,reviewed/brezis/page-0037.md,chapter-01.md,subagent_visual_reviewed
Brezis,38,chapter-01,reviewed/brezis/page-0038.md,chapter-01.md,subagent_visual_reviewed
Brezis,39,chapter-01,reviewed/brezis/page-0039.md,chapter-01.md,subagent_visual_reviewed
Brezis,40,chapter-01,reviewed/brezis/page-0040.md,chapter-01.md,subagent_visual_reviewed
Brezis,41,chapter-01,reviewed/brezis/page-0041.md,chapter-01.md,subagent_visual_reviewed
Brezis,42,chapter-01,reviewed/brezis/page-0042.md,chapter-01.md,subagent_visual_reviewed
Brezis,43,chapter-01,reviewed/brezis/page-0043.md,chapter-01.md,subagent_visual_reviewed
Brezis,44,chapter-01,reviewed/brezis/page-0044.md,chapter-01.md,subagent_visual_reviewed
Brezis,45,chapter-01,chunks/brezis/p0045-p0045/page-0045.md,chapter-01.md,source_blank_page
Brezis,46,chapter-02,reviewed/brezis/page-0046.md,chapter-02.md,subagent_visual_reviewed
Brezis,47,chapter-02,reviewed/brezis/page-0047.md,chapter-02.md,subagent_visual_reviewed
Brezis,48,chapter-02,reviewed/brezis/page-0048.md,chapter-02.md,subagent_visual_reviewed
Brezis,49,chapter-02,reviewed/brezis/page-0049.md,chapter-02.md,subagent_visual_reviewed
Brezis,50,chapter-02,reviewed/brezis/page-0050.md,chapter-02.md,subagent_visual_reviewed
Brezis,51,chapter-02,reviewed/brezis/page-0051.md,chapter-02.md,subagent_visual_reviewed
Brezis,52,chapter-02,reviewed/brezis/page-0052.md,chapter-02.md,subagent_visual_reviewed
Brezis,53,chapter-02,reviewed/brezis/page-0053.md,chapter-02.md,subagent_visual_reviewed
Brezis,54,chapter-02,chunks/brezis/p0046-p0077/page-0054.md,chapter-02.md,unreviewed_ocr_draft
Brezis,55,chapter-02,chunks/brezis/p0046-p0077/page-0055.md,chapter-02.md,unreviewed_ocr_draft
Brezis,56,chapter-02,chunks/brezis/p0046-p0077/page-0056.md,chapter-02.md,unreviewed_ocr_draft
Brezis,57,chapter-02,chunks/brezis/p0046-p0077/page-0057.md,chapter-02.md,unreviewed_ocr_draft
Brezis,58,chapter-02,chunks/brezis/p0046-p0077/page-0058.md,chapter-02.md,unreviewed_ocr_draft
Brezis,59,chapter-02,chunks/brezis/p0046-p0077/page-0059.md,chapter-02.md,unreviewed_ocr_draft
Brezis,60,chapter-02,chunks/brezis/p0046-p0077/page-0060.md,chapter-02.md,unreviewed_ocr_draft
Brezis,61,chapter-02,chunks/brezis/p0046-p0077/page-0061.md,chapter-02.md,unreviewed_ocr_draft
Brezis,62,chapter-02,chunks/brezis/p0046-p0077/page-0062.md,chapter-02.md,unreviewed_ocr_draft
Brezis,63,chapter-02,chunks/brezis/p0046-p0077/page-0063.md,chapter-02.md,unreviewed_ocr_draft
Brezis,64,chapter-02,chunks/brezis/p0046-p0077/page-0064.md,chapter-02.md,unreviewed_ocr_draft
Brezis,65,chapter-02,chunks/brezis/p0046-p0077/page-0065.md,chapter-02.md,unreviewed_ocr_draft
Brezis,66,chapter-02,chunks/brezis/p0046-p0077/page-0066.md,chapter-02.md,unreviewed_ocr_draft
Brezis,67,chapter-02,chunks/brezis/p0046-p0077/page-0067.md,chapter-02.md,unreviewed_ocr_draft
Brezis,68,chapter-02,chunks/brezis/p0046-p0077/page-0068.md,chapter-02.md,unreviewed_ocr_draft
Brezis,69,chapter-02,chunks/brezis/p0046-p0077/page-0069.md,chapter-02.md,unreviewed_ocr_draft
Brezis,70,chapter-03,chunks/brezis/p0046-p0077/page-0070.md,chapter-03.md,unreviewed_ocr_draft
Brezis,71,chapter-03,chunks/brezis/p0046-p0077/page-0071.md,chapter-03.md,unreviewed_ocr_draft
Brezis,72,chapter-03,chunks/brezis/p0046-p0077/page-0072.md,chapter-03.md,unreviewed_ocr_draft
Brezis,73,chapter-03,chunks/brezis/p0046-p0077/page-0073.md,chapter-03.md,unreviewed_ocr_draft
Brezis,74,chapter-03,chunks/brezis/p0046-p0077/page-0074.md,chapter-03.md,unreviewed_ocr_draft
Brezis,75,chapter-03,chunks/brezis/p0046-p0077/page-0075.md,chapter-03.md,unreviewed_ocr_draft
Brezis,76,chapter-03,chunks/brezis/p0046-p0077/page-0076.md,chapter-03.md,unreviewed_ocr_draft
Brezis,77,chapter-03,chunks/brezis/p0046-p0077/page-0077.md,chapter-03.md,unreviewed_ocr_draft
Brezis,78,chapter-03,reviewed/brezis/page-0078.md,chapter-03.md,subagent_visual_reviewed
Brezis,79,chapter-03,reviewed/brezis/page-0079.md,chapter-03.md,subagent_visual_reviewed
Brezis,80,chapter-03,reviewed/brezis/page-0080.md,chapter-03.md,subagent_visual_reviewed
Brezis,81,chapter-03,reviewed/brezis/page-0081.md,chapter-03.md,subagent_visual_reviewed
Brezis,82,chapter-03,reviewed/brezis/page-0082.md,chapter-03.md,subagent_visual_reviewed
Brezis,83,chapter-03,chunks/brezis/p0078-p0102/page-0083.md,chapter-03.md,unreviewed_ocr_draft
Brezis,84,chapter-03,chunks/brezis/p0078-p0102/page-0084.md,chapter-03.md,unreviewed_ocr_draft
Brezis,85,chapter-03,chunks/brezis/p0078-p0102/page-0085.md,chapter-03.md,unreviewed_ocr_draft
Brezis,86,chapter-03,chunks/brezis/p0078-p0102/page-0086.md,chapter-03.md,unreviewed_ocr_draft
Brezis,87,chapter-03,chunks/brezis/p0078-p0102/page-0087.md,chapter-03.md,unreviewed_ocr_draft
Brezis,88,chapter-03,chunks/brezis/p0078-p0102/page-0088.md,chapter-03.md,unreviewed_ocr_draft
Brezis,89,chapter-03,chunks/brezis/p0078-p0102/page-0089.md,chapter-03.md,unreviewed_ocr_draft
Brezis,90,chapter-03,chunks/brezis/p0078-p0102/page-0090.md,chapter-03.md,unreviewed_ocr_draft
Brezis,91,chapter-03,chunks/brezis/p0078-p0102/page-0091.md,chapter-03.md,unreviewed_ocr_draft
Brezis,92,chapter-03,chunks/brezis/p0078-p0102/page-0092.md,chapter-03.md,unreviewed_ocr_draft
Brezis,93,chapter-03,chunks/brezis/p0078-p0102/page-0093.md,chapter-03.md,unreviewed_ocr_draft
Brezis,94,chapter-03,chunks/brezis/p0078-p0102/page-0094.md,chapter-03.md,unreviewed_ocr_draft
Brezis,95,chapter-03,chunks/brezis/p0078-p0102/page-0095.md,chapter-03.md,unreviewed_ocr_draft
Brezis,96,chapter-03,chunks/brezis/p0078-p0102/page-0096.md,chapter-03.md,unreviewed_ocr_draft
Brezis,97,chapter-03,chunks/brezis/p0078-p0102/page-0097.md,chapter-03.md,unreviewed_ocr_draft
Brezis,98,chapter-03,chunks/brezis/p0078-p0102/page-0098.md,chapter-03.md,unreviewed_ocr_draft
Brezis,99,chapter-03,chunks/brezis/p0078-p0102/page-0099.md,chapter-03.md,unreviewed_ocr_draft
Brezis,100,chapter-03,chunks/brezis/p0078-p0102/page-0100.md,chapter-03.md,unreviewed_ocr_draft
Brezis,101,chapter-03,chunks/brezis/p0078-p0102/page-0101.md,chapter-03.md,unreviewed_ocr_draft
Brezis,102,chapter-03,chunks/brezis/p0078-p0102/page-0102.md,chapter-03.md,unreviewed_ocr_draft
Brezis,103,chapter-03,chunks/brezis/p0103-p0103/page-0103.md,chapter-03.md,source_blank_page
Brezis,104,chapter-04,reviewed/brezis/page-0104.md,chapter-04.md,subagent_visual_reviewed
Brezis,105,chapter-04,reviewed/brezis/page-0105.md,chapter-04.md,subagent_visual_reviewed
Brezis,106,chapter-04,reviewed/brezis/page-0106.md,chapter-04.md,subagent_visual_reviewed
Brezis,107,chapter-04,reviewed/brezis/page-0107.md,chapter-04.md,subagent_visual_reviewed
Brezis,108,chapter-04,chunks/brezis/p0104-p0135/page-0108.md,chapter-04.md,unreviewed_ocr_draft
Brezis,109,chapter-04,chunks/brezis/p0104-p0135/page-0109.md,chapter-04.md,unreviewed_ocr_draft
Brezis,110,chapter-04,chunks/brezis/p0104-p0135/page-0110.md,chapter-04.md,unreviewed_ocr_draft
Brezis,111,chapter-04,chunks/brezis/p0104-p0135/page-0111.md,chapter-04.md,unreviewed_ocr_draft
Brezis,112,chapter-04,chunks/brezis/p0104-p0135/page-0112.md,chapter-04.md,unreviewed_ocr_draft
Brezis,113,chapter-04,chunks/brezis/p0104-p0135/page-0113.md,chapter-04.md,unreviewed_ocr_draft
Brezis,114,chapter-04,chunks/brezis/p0104-p0135/page-0114.md,chapter-04.md,unreviewed_ocr_draft
Brezis,115,chapter-04,chunks/brezis/p0104-p0135/page-0115.md,chapter-04.md,unreviewed_ocr_draft
Brezis,116,chapter-04,chunks/brezis/p0104-p0135/page-0116.md,chapter-04.md,unreviewed_ocr_draft
Brezis,117,chapter-04,chunks/brezis/p0104-p0135/page-0117.md,chapter-04.md,unreviewed_ocr_draft
Brezis,118,chapter-04,chunks/brezis/p0104-p0135/page-0118.md,chapter-04.md,unreviewed_ocr_draft
Brezis,119,chapter-04,chunks/brezis/p0104-p0135/page-0119.md,chapter-04.md,unreviewed_ocr_draft
Brezis,120,chapter-04,chunks/brezis/p0104-p0135/page-0120.md,chapter-04.md,unreviewed_ocr_draft
Brezis,121,chapter-04,chunks/brezis/p0104-p0135/page-0121.md,chapter-04.md,unreviewed_ocr_draft
Brezis,122,chapter-04,chunks/brezis/p0104-p0135/page-0122.md,chapter-04.md,unreviewed_ocr_draft
Brezis,123,chapter-04,chunks/brezis/p0104-p0135/page-0123.md,chapter-04.md,unreviewed_ocr_draft
Brezis,124,chapter-04,chunks/brezis/p0104-p0135/page-0124.md,chapter-04.md,unreviewed_ocr_draft
Brezis,125,chapter-04,chunks/brezis/p0104-p0135/page-0125.md,chapter-04.md,unreviewed_ocr_draft
Brezis,126,chapter-04,chunks/brezis/p0104-p0135/page-0126.md,chapter-04.md,unreviewed_ocr_draft
Brezis,127,chapter-04,chunks/brezis/p0104-p0135/page-0127.md,chapter-04.md,unreviewed_ocr_draft
Brezis,128,chapter-04,chunks/brezis/p0104-p0135/page-0128.md,chapter-04.md,unreviewed_ocr_draft
Brezis,129,chapter-04,chunks/brezis/p0104-p0135/page-0129.md,chapter-04.md,unreviewed_ocr_draft
Brezis,130,chapter-04,chunks/brezis/p0104-p0135/page-0130.md,chapter-04.md,unreviewed_ocr_draft
Brezis,131,chapter-04,chunks/brezis/p0104-p0135/page-0131.md,chapter-04.md,unreviewed_ocr_draft
Brezis,132,chapter-04,chunks/brezis/p0104-p0135/page-0132.md,chapter-04.md,unreviewed_ocr_draft
Brezis,133,chapter-04,chunks/brezis/p0104-p0135/page-0133.md,chapter-04.md,unreviewed_ocr_draft
Brezis,134,chapter-04,chunks/brezis/p0104-p0135/page-0134.md,chapter-04.md,unreviewed_ocr_draft
Brezis,135,chapter-04,chunks/brezis/p0104-p0135/page-0135.md,chapter-04.md,unreviewed_ocr_draft
Brezis,195,chapter-06,chunks/brezis/p0195-p0195/page-0195.md,chapter-06.md,source_blank_page
Brezis,215,chapter-07,chunks/brezis/p0215-p0215/page-0215.md,chapter-07.md,source_blank_page
Brezis,277,chapter-08,chunks/brezis/p0277-p0277/page-0277.md,chapter-08.md,source_blank_page
Brezis,308,chapter-09,chunks/brezis/p0308-p0308/page-0308.md,chapter-09.md,ai_review_passed
Brezis,339,chapter-09,chunks/brezis/p0339-p0339/page-0339.md,chapter-09.md,source_blank_page
