book,pdf_page,section,source_page,output_md,status
Conway,1,front-matter,chunks\conway\p0001-p0008\page-0001.md,front-matter.md,ai_review_passed
Conway,2,front-matter,chunks\conway\p0001-p0008\page-0002.md,front-matter.md,ai_review_passed
Conway,3,front-matter,chunks\conway\p0001-p0008\page-0003.md,front-matter.md,ai_review_passed
Conway,4,front-matter,chunks\conway\p0001-p0008\page-0004.md,front-matter.md,ai_review_passed
Conway,5,front-matter,chunks\conway\p0001-p0008\page-0005.md,front-matter.md,ai_review_passed
Conway,6,front-matter,chunks\conway\p0001-p0008\page-0006.md,front-matter.md,ai_review_passed
Conway,7,front-matter,chunks\conway\p0001-p0008\page-0007.md,front-matter.md,ai_review_passed
Conway,8,front-matter,chunks\conway\p0001-p0008\page-0008.md,front-matter.md,ai_review_passed
Conway,9,front-matter,chunks\conway\p0009-p0016\page-0009.md,front-matter.md,reviewer_issue_resolved
Conway,10,front-matter,chunks\conway\p0009-p0016\page-0010.md,front-matter.md,ai_review_passed
Conway,11,front-matter,chunks\conway\p0009-p0016\page-0011.md,front-matter.md,ai_review_passed
Conway,12,front-matter,chunks\conway\p0009-p0016\page-0012.md,front-matter.md,ai_review_passed
Conway,13,front-matter,chunks\conway\p0009-p0016\page-0013.md,front-matter.md,ai_review_passed
Conway,14,front-matter,chunks\conway\p0009-p0016\page-0014.md,front-matter.md,ai_review_passed
Conway,15,front-matter,chunks\conway\p0009-p0016\page-0015.md,front-matter.md,ai_review_passed
Conway,16,chapter-01,chunks\conway\p0009-p0016\page-0016.md,chapter-01.md,ai_review_passed
Conway,17,chapter-01,chunks\conway\p0017-p0024\page-0017.md,chapter-01.md,ai_review_passed
Conway,18,chapter-01,chunks\conway\p0017-p0024\page-0018.md,chapter-01.md,ai_review_passed
Conway,19,chapter-01,chunks\conway\p0017-p0024\page-0019.md,chapter-01.md,ai_review_passed
Conway,20,chapter-01,chunks\conway\p0017-p0024\page-0020.md,chapter-01.md,ai_review_passed
Conway,21,chapter-01,chunks\conway\p0017-p0024\page-0021.md,chapter-01.md,ai_review_passed
Conway,22,chapter-01,chunks\conway\p0017-p0024\page-0022.md,chapter-01.md,reviewer_issue_resolved
Conway,23,chapter-01,chunks\conway\p0017-p0024\page-0023.md,chapter-01.md,ai_review_passed
Conway,24,chapter-01,chunks\conway\p0017-p0024\page-0024.md,chapter-01.md,ai_review_passed
Conway,25,chapter-01,chunks\conway\p0025-p0032\page-0025.md,chapter-01.md,ai_review_passed
Conway,26,chapter-01,chunks\conway\p0025-p0032\page-0026.md,chapter-01.md,ai_review_passed
Conway,27,chapter-01,chunks\conway\p0025-p0032\page-0027.md,chapter-01.md,ai_review_passed
Conway,28,chapter-01,chunks\conway\p0025-p0032\page-0028.md,chapter-01.md,ai_review_passed
Conway,29,chapter-01,chunks\conway\p0025-p0032\page-0029.md,chapter-01.md,ai_review_passed
Conway,30,chapter-01,chunks\conway\p0025-p0032\page-0030.md,chapter-01.md,ai_review_passed
Conway,31,chapter-01,chunks\conway\p0025-p0032\page-0031.md,chapter-01.md,ai_review_passed
Conway,32,chapter-01,chunks\conway\p0025-p0032\page-0032.md,chapter-01.md,reviewer_issue_resolved
Conway,33,chapter-01,chunks\conway\p0033-p0040\page-0033.md,chapter-01.md,ai_review_passed
Conway,34,chapter-01,chunks\conway\p0033-p0040\page-0034.md,chapter-01.md,ai_review_passed
Conway,35,chapter-01,chunks\conway\p0033-p0040\page-0035.md,chapter-01.md,reviewer_issue_resolved
Conway,36,chapter-01,chunks\conway\p0033-p0040\page-0036.md,chapter-01.md,ai_review_passed
Conway,37,chapter-01,chunks\conway\p0033-p0040\page-0037.md,chapter-01.md,ai_review_passed
Conway,38,chapter-01,chunks\conway\p0033-p0040\page-0038.md,chapter-01.md,ai_review_passed
Conway,39,chapter-01,chunks\conway\p0033-p0040\page-0039.md,chapter-01.md,reviewer_issue_resolved
Conway,40,chapter-01,chunks\conway\p0033-p0040\page-0040.md,chapter-01.md,ai_review_passed
Conway,41,chapter-02,chunks\conway\p0041-p0048\page-0041.md,chapter-02.md,ai_review_passed
Conway,42,chapter-02,chunks\conway\p0041-p0048\page-0042.md,chapter-02.md,reviewer_issue_resolved
Conway,43,chapter-02,chunks\conway\p0041-p0048\page-0043.md,chapter-02.md,ai_review_passed
Conway,44,chapter-02,chunks\conway\p0041-p0048\page-0044.md,chapter-02.md,ai_review_passed
Conway,45,chapter-02,chunks\conway\p0041-p0048\page-0045.md,chapter-02.md,ai_repair_passed
Conway,46,chapter-02,chunks\conway\p0041-p0048\page-0046.md,chapter-02.md,ai_review_passed
Conway,47,chapter-02,chunks\conway\p0041-p0048\page-0047.md,chapter-02.md,ai_review_passed
Conway,48,chapter-02,chunks\conway\p0041-p0048\page-0048.md,chapter-02.md,ai_review_passed
Conway,49,chapter-02,chunks\conway\p0049-p0056\page-0049.md,chapter-02.md,ai_review_passed
Conway,50,chapter-02,chunks\conway\p0049-p0056\page-0050.md,chapter-02.md,reviewer_issue_resolved
Conway,51,chapter-02,chunks\conway\p0049-p0056\page-0051.md,chapter-02.md,ai_review_passed
Conway,52,chapter-02,chunks\conway\p0049-p0056\page-0052.md,chapter-02.md,ai_review_passed
Conway,53,chapter-02,chunks\conway\p0049-p0056\page-0053.md,chapter-02.md,ai_repair_passed
Conway,54,chapter-02,chunks\conway\p0049-p0056\page-0054.md,chapter-02.md,ai_review_passed
Conway,55,chapter-02,chunks\conway\p0049-p0056\page-0055.md,chapter-02.md,ai_review_passed
Conway,56,chapter-02,chunks\conway\p0049-p0056\page-0056.md,chapter-02.md,ai_review_passed
Conway,57,chapter-02,chunks\conway\p0057-p0064\page-0057.md,chapter-02.md,ai_repair_passed
Conway,58,chapter-02,chunks\conway\p0057-p0064\page-0058.md,chapter-02.md,ai_review_passed
Conway,59,chapter-02,chunks\conway\p0057-p0064\page-0059.md,chapter-02.md,ai_review_passed
Conway,60,chapter-02,chunks\conway\p0057-p0064\page-0060.md,chapter-02.md,ai_repair_passed
Conway,61,chapter-02,chunks\conway\p0057-p0064\page-0061.md,chapter-02.md,ai_repair_passed
Conway,62,chapter-02,chunks\conway\p0057-p0064\page-0062.md,chapter-02.md,ai_review_passed
Conway,63,chapter-02,chunks\conway\p0057-p0064\page-0063.md,chapter-02.md,ai_review_passed
Conway,64,chapter-02,chunks\conway\p0057-p0064\page-0064.md,chapter-02.md,ai_repair_passed
Conway,65,chapter-02,chunks\conway\p0065-p0072\page-0065.md,chapter-02.md,ai_repair_passed
Conway,66,chapter-02,chunks\conway\p0065-p0072\page-0066.md,chapter-02.md,ai_review_passed
Conway,67,chapter-02,chunks\conway\p0065-p0072\page-0067.md,chapter-02.md,ai_review_passed
Conway,68,chapter-02,chunks\conway\p0065-p0072\page-0068.md,chapter-02.md,reviewer_issue_resolved
Conway,69,chapter-02,chunks\conway\p0065-p0072\page-0069.md,chapter-02.md,ai_review_passed
Conway,70,chapter-02,chunks\conway\p0065-p0072\page-0070.md,chapter-02.md,ai_review_passed
Conway,71,chapter-02,chunks\conway\p0065-p0072\page-0071.md,chapter-02.md,ai_review_passed
Conway,72,chapter-02,chunks\conway\p0065-p0072\page-0072.md,chapter-02.md,ai_repair_passed
Conway,73,chapter-02,chunks\conway\p0073-p0080\page-0073.md,chapter-02.md,ai_review_passed
Conway,74,chapter-02,chunks\conway\p0073-p0080\page-0074.md,chapter-02.md,ai_review_passed
Conway,75,chapter-02,chunks\conway\p0073-p0080\page-0075.md,chapter-02.md,ai_review_passed
Conway,76,chapter-02,chunks\conway\p0073-p0080\page-0076.md,chapter-02.md,ai_repair_passed
Conway,77,chapter-02,chunks\conway\p0073-p0080\page-0077.md,chapter-02.md,ai_review_passed
Conway,78,chapter-03,chunks\conway\p0073-p0080\page-0078.md,chapter-03.md,ai_review_passed
Conway,79,chapter-03,chunks\conway\p0073-p0080\page-0079.md,chapter-03.md,ai_repair_passed
Conway,80,chapter-03,chunks\conway\p0073-p0080\page-0080.md,chapter-03.md,ai_review_passed
Conway,81,chapter-03,chunks\conway\p0081-p0088\page-0081.md,chapter-03.md,ai_review_passed
Conway,82,chapter-03,chunks\conway\p0081-p0088\page-0082.md,chapter-03.md,ai_review_passed
Conway,83,chapter-03,chunks\conway\p0081-p0088\page-0083.md,chapter-03.md,ai_review_passed
Conway,84,chapter-03,chunks\conway\p0081-p0088\page-0084.md,chapter-03.md,ai_review_passed
Conway,85,chapter-03,chunks\conway\p0081-p0088\page-0085.md,chapter-03.md,ai_review_passed
Conway,86,chapter-03,chunks\conway\p0081-p0088\page-0086.md,chapter-03.md,ai_review_passed
Conway,87,chapter-03,chunks\conway\p0081-p0088\page-0087.md,chapter-03.md,ai_review_passed
Conway,88,chapter-03,chunks\conway\p0081-p0088\page-0088.md,chapter-03.md,ai_review_passed
Conway,89,chapter-03,chunks\conway\p0089-p0096\page-0089.md,chapter-03.md,ai_review_passed
Conway,90,chapter-03,chunks\conway\p0089-p0096\page-0090.md,chapter-03.md,ai_review_passed
Conway,91,chapter-03,chunks\conway\p0089-p0096\page-0091.md,chapter-03.md,ai_repair_passed
Conway,92,chapter-03,chunks\conway\p0089-p0096\page-0092.md,chapter-03.md,ai_review_passed
Conway,93,chapter-03,chunks\conway\p0089-p0096\page-0093.md,chapter-03.md,ai_review_passed
Conway,94,chapter-03,chunks\conway\p0089-p0096\page-0094.md,chapter-03.md,ai_review_passed
Conway,95,chapter-03,chunks\conway\p0089-p0096\page-0095.md,chapter-03.md,ai_repair_passed
Conway,96,chapter-03,chunks\conway\p0089-p0096\page-0096.md,chapter-03.md,ai_review_passed
Conway,97,chapter-03,chunks\conway\p0097-p0104\page-0097.md,chapter-03.md,ai_review_passed
Conway,98,chapter-03,chunks\conway\p0097-p0104\page-0098.md,chapter-03.md,ai_review_passed
Conway,99,chapter-03,chunks\conway\p0097-p0104\page-0099.md,chapter-03.md,ai_review_passed
Conway,100,chapter-03,chunks\conway\p0097-p0104\page-0100.md,chapter-03.md,ai_review_passed
Conway,101,chapter-03,chunks\conway\p0097-p0104\page-0101.md,chapter-03.md,ai_review_passed
Conway,102,chapter-03,chunks\conway\p0097-p0104\page-0102.md,chapter-03.md,ai_review_passed
Conway,103,chapter-03,chunks\conway\p0097-p0104\page-0103.md,chapter-03.md,ai_review_passed
Conway,104,chapter-03,chunks\conway\p0097-p0104\page-0104.md,chapter-03.md,ai_review_passed
Conway,105,chapter-03,chunks\conway\p0105-p0112\page-0105.md,chapter-03.md,ai_review_passed
Conway,106,chapter-03,chunks\conway\p0105-p0112\page-0106.md,chapter-03.md,ai_review_passed
Conway,107,chapter-03,chunks\conway\p0105-p0112\page-0107.md,chapter-03.md,ai_repair_passed
Conway,108,chapter-03,chunks\conway\p0105-p0112\page-0108.md,chapter-03.md,ai_review_passed
Conway,109,chapter-03,chunks\conway\p0105-p0112\page-0109.md,chapter-03.md,reviewer_issue_resolved
Conway,110,chapter-03,chunks\conway\p0105-p0112\page-0110.md,chapter-03.md,ai_review_passed
Conway,111,chapter-03,chunks\conway\p0105-p0112\page-0111.md,chapter-03.md,ai_review_passed
Conway,112,chapter-03,chunks\conway\p0105-p0112\page-0112.md,chapter-03.md,ai_review_passed
Conway,113,chapter-03,chunks\conway\p0113-p0120\page-0113.md,chapter-03.md,ai_review_passed
Conway,114,chapter-04,chunks\conway\p0113-p0120\page-0114.md,chapter-04.md,ai_review_passed
Conway,115,chapter-04,chunks\conway\p0113-p0120\page-0115.md,chapter-04.md,ai_review_passed
Conway,116,chapter-04,chunks\conway\p0113-p0120\page-0116.md,chapter-04.md,ai_repair_passed
Conway,117,chapter-04,chunks\conway\p0113-p0120\page-0117.md,chapter-04.md,ai_repair_passed
Conway,118,chapter-04,chunks\conway\p0113-p0120\page-0118.md,chapter-04.md,ai_review_passed
Conway,119,chapter-04,chunks\conway\p0113-p0120\page-0119.md,chapter-04.md,ai_review_passed
Conway,120,chapter-04,chunks\conway\p0113-p0120\page-0120.md,chapter-04.md,ai_review_passed
Conway,121,chapter-04,chunks\conway\p0121-p0128\page-0121.md,chapter-04.md,ai_review_passed
Conway,122,chapter-04,chunks\conway\p0121-p0128\page-0122.md,chapter-04.md,ai_review_passed
Conway,123,chapter-04,chunks\conway\p0121-p0128\page-0123.md,chapter-04.md,ai_review_passed
Conway,124,chapter-04,chunks\conway\p0121-p0128\page-0124.md,chapter-04.md,ai_review_passed
Conway,125,chapter-04,chunks\conway\p0121-p0128\page-0125.md,chapter-04.md,ai_review_passed
Conway,126,chapter-04,chunks\conway\p0121-p0128\page-0126.md,chapter-04.md,ai_review_passed
Conway,127,chapter-04,chunks\conway\p0121-p0128\page-0127.md,chapter-04.md,ai_review_passed
Conway,128,chapter-04,chunks\conway\p0121-p0128\page-0128.md,chapter-04.md,ai_review_passed
Conway,129,chapter-04,chunks\conway\p0129-p0136\page-0129.md,chapter-04.md,ai_repair_passed
Conway,130,chapter-04,chunks\conway\p0129-p0136\page-0130.md,chapter-04.md,ai_review_passed
Conway,131,chapter-04,chunks\conway\p0129-p0136\page-0131.md,chapter-04.md,ai_review_passed
Conway,132,chapter-04,chunks\conway\p0129-p0136\page-0132.md,chapter-04.md,ai_repair_passed
Conway,133,chapter-04,chunks\conway\p0129-p0136\page-0133.md,chapter-04.md,ai_review_passed
Conway,134,chapter-04,chunks\conway\p0129-p0136\page-0134.md,chapter-04.md,ai_review_passed
Conway,135,chapter-04,chunks\conway\p0129-p0136\page-0135.md,chapter-04.md,ai_review_passed
Conway,136,chapter-04,chunks\conway\p0129-p0136\page-0136.md,chapter-04.md,ai_review_passed
Conway,137,chapter-04,chunks\conway\p0137-p0144\page-0137.md,chapter-04.md,ai_review_passed
Conway,138,chapter-04,chunks\conway\p0137-p0144\page-0138.md,chapter-04.md,ai_review_passed
Conway,139,chapter-05,chunks\conway\p0137-p0144\page-0139.md,chapter-05.md,ai_review_passed
Conway,140,chapter-05,chunks\conway\p0137-p0144\page-0140.md,chapter-05.md,ai_review_passed
Conway,141,chapter-05,chunks\conway\p0137-p0144\page-0141.md,chapter-05.md,ai_review_passed
Conway,142,chapter-05,chunks\conway\p0137-p0144\page-0142.md,chapter-05.md,ai_review_passed
Conway,143,chapter-05,chunks\conway\p0137-p0144\page-0143.md,chapter-05.md,ai_review_passed
Conway,144,chapter-05,chunks\conway\p0137-p0144\page-0144.md,chapter-05.md,ai_review_passed
Conway,145,chapter-05,chunks\conway\p0145-p0152\page-0145.md,chapter-05.md,ai_review_passed
Conway,146,chapter-05,chunks\conway\p0145-p0152\page-0146.md,chapter-05.md,ai_review_passed
Conway,147,chapter-05,chunks\conway\p0145-p0152\page-0147.md,chapter-05.md,ai_review_passed
Conway,148,chapter-05,chunks\conway\p0145-p0152\page-0148.md,chapter-05.md,ai_review_passed
Conway,149,chapter-05,chunks\conway\p0145-p0152\page-0149.md,chapter-05.md,ai_review_passed
Conway,150,chapter-05,chunks\conway\p0145-p0152\page-0150.md,chapter-05.md,ai_review_passed
Conway,151,chapter-05,chunks\conway\p0145-p0152\page-0151.md,chapter-05.md,ai_review_passed
Conway,152,chapter-05,chunks\conway\p0145-p0152\page-0152.md,chapter-05.md,ai_review_passed
Conway,153,chapter-05,chunks\conway\p0153-p0160\page-0153.md,chapter-05.md,ai_review_passed
Conway,154,chapter-05,chunks\conway\p0153-p0160\page-0154.md,chapter-05.md,agent_visual_review_passed
Conway,155,chapter-05,chunks\conway\p0153-p0160\page-0155.md,chapter-05.md,ai_review_passed
Conway,156,chapter-05,chunks\conway\p0153-p0160\page-0156.md,chapter-05.md,ai_review_passed
Conway,157,chapter-05,chunks\conway\p0153-p0160\page-0157.md,chapter-05.md,ai_repair_passed
Conway,158,chapter-05,chunks\conway\p0153-p0160\page-0158.md,chapter-05.md,ai_review_passed
Conway,159,chapter-05,chunks\conway\p0153-p0160\page-0159.md,chapter-05.md,ai_review_passed
Conway,160,chapter-05,chunks\conway\p0153-p0160\page-0160.md,chapter-05.md,ai_review_passed
Conway,161,chapter-05,chunks\conway\p0161-p0168\page-0161.md,chapter-05.md,agent_visual_review_passed
Conway,162,chapter-05,chunks\conway\p0161-p0168\page-0162.md,chapter-05.md,ai_review_passed
Conway,163,chapter-05,chunks\conway\p0161-p0168\page-0163.md,chapter-05.md,ai_repair_passed
Conway,164,chapter-05,chunks\conway\p0161-p0168\page-0164.md,chapter-05.md,ai_review_passed
Conway,165,chapter-05,chunks\conway\p0161-p0168\page-0165.md,chapter-05.md,ai_review_passed
Conway,166,chapter-05,chunks\conway\p0161-p0168\page-0166.md,chapter-05.md,ai_review_passed
Conway,167,chapter-05,chunks\conway\p0161-p0168\page-0167.md,chapter-05.md,ai_review_passed
Conway,168,chapter-05,chunks\conway\p0161-p0168\page-0168.md,chapter-05.md,ai_review_passed
Conway,169,chapter-05,chunks\conway\p0169-p0176\page-0169.md,chapter-05.md,ai_review_passed
Conway,170,chapter-05,chunks\conway\p0169-p0176\page-0170.md,chapter-05.md,ai_review_passed
Conway,171,chapter-05,chunks\conway\p0169-p0176\page-0171.md,chapter-05.md,ai_review_passed
Conway,172,chapter-05,chunks\conway\p0169-p0176\page-0172.md,chapter-05.md,ai_repair_passed
Conway,173,chapter-05,chunks\conway\p0169-p0176\page-0173.md,chapter-05.md,ai_review_passed
Conway,174,chapter-05,chunks\conway\p0169-p0176\page-0174.md,chapter-05.md,ai_review_passed
Conway,175,chapter-05,chunks\conway\p0169-p0176\page-0175.md,chapter-05.md,ai_review_passed
Conway,176,chapter-05,chunks\conway\p0169-p0176\page-0176.md,chapter-05.md,ai_review_passed
Conway,177,chapter-05,chunks\conway\p0177-p0184\page-0177.md,chapter-05.md,ai_review_passed
Conway,178,chapter-05,chunks\conway\p0177-p0184\page-0178.md,chapter-05.md,ai_review_passed
Conway,179,chapter-05,chunks\conway\p0177-p0184\page-0179.md,chapter-05.md,ai_repair_passed
Conway,180,chapter-05,chunks\conway\p0177-p0184\page-0180.md,chapter-05.md,ai_review_passed
Conway,181,chapter-06,chunks\conway\p0177-p0184\page-0181.md,chapter-06.md,ai_review_passed
Conway,182,chapter-06,chunks\conway\p0177-p0184\page-0182.md,chapter-06.md,ai_review_passed
Conway,183,chapter-06,chunks\conway\p0177-p0184\page-0183.md,chapter-06.md,agent_visual_review_passed
Conway,184,chapter-06,chunks\conway\p0177-p0184\page-0184.md,chapter-06.md,agent_visual_review_passed
Conway,185,chapter-06,chunks\conway\p0185-p0192\page-0185.md,chapter-06.md,ai_repair_passed
Conway,186,chapter-06,chunks\conway\p0185-p0192\page-0186.md,chapter-06.md,ai_repair_passed
Conway,187,chapter-06,chunks\conway\p0185-p0192\page-0187.md,chapter-06.md,ai_repair_passed
Conway,188,chapter-06,chunks\conway\p0185-p0192\page-0188.md,chapter-06.md,ai_review_passed
Conway,189,chapter-06,chunks\conway\p0185-p0192\page-0189.md,chapter-06.md,ai_review_passed
Conway,190,chapter-06,chunks\conway\p0185-p0192\page-0190.md,chapter-06.md,ai_repair_passed
Conway,191,chapter-06,chunks\conway\p0185-p0192\page-0191.md,chapter-06.md,ai_review_passed
Conway,192,chapter-06,chunks\conway\p0185-p0192\page-0192.md,chapter-06.md,ai_review_passed
Conway,193,chapter-06,chunks\conway\p0193-p0200\page-0193.md,chapter-06.md,ai_review_passed
Conway,194,chapter-06,chunks\conway\p0193-p0200\page-0194.md,chapter-06.md,ai_review_passed
Conway,195,chapter-06,chunks\conway\p0193-p0200\page-0195.md,chapter-06.md,ai_repair_passed
Conway,196,chapter-06,chunks\conway\p0193-p0200\page-0196.md,chapter-06.md,ai_review_passed
Conway,197,chapter-06,chunks\conway\p0193-p0200\page-0197.md,chapter-06.md,ai_review_passed
Conway,198,chapter-06,chunks\conway\p0193-p0200\page-0198.md,chapter-06.md,ai_repair_passed
Conway,199,chapter-06,chunks\conway\p0193-p0200\page-0199.md,chapter-06.md,ai_review_passed
Conway,200,chapter-06,chunks\conway\p0193-p0200\page-0200.md,chapter-06.md,ai_review_passed
Conway,201,chapter-06,chunks\conway\p0201-p0208\page-0201.md,chapter-06.md,ai_review_passed
Conway,202,chapter-07,chunks\conway\p0201-p0208\page-0202.md,chapter-07.md,ai_review_passed
Conway,203,chapter-07,chunks\conway\p0201-p0208\page-0203.md,chapter-07.md,ai_review_passed
Conway,204,chapter-07,chunks\conway\p0201-p0208\page-0204.md,chapter-07.md,ai_review_passed
Conway,205,chapter-07,chunks\conway\p0201-p0208\page-0205.md,chapter-07.md,ai_review_passed
Conway,206,chapter-07,chunks\conway\p0201-p0208\page-0206.md,chapter-07.md,ai_review_passed
Conway,207,chapter-07,chunks\conway\p0201-p0208\page-0207.md,chapter-07.md,ai_review_passed
Conway,208,chapter-07,chunks\conway\p0201-p0208\page-0208.md,chapter-07.md,ai_repair_passed
Conway,209,chapter-07,chunks\conway\p0209-p0216\page-0209.md,chapter-07.md,ai_review_passed
Conway,210,chapter-07,chunks\conway\p0209-p0216\page-0210.md,chapter-07.md,ai_review_passed
Conway,211,chapter-07,chunks\conway\p0209-p0216\page-0211.md,chapter-07.md,ai_review_passed
Conway,212,chapter-07,chunks\conway\p0209-p0216\page-0212.md,chapter-07.md,ai_review_passed
Conway,213,chapter-07,chunks\conway\p0209-p0216\page-0213.md,chapter-07.md,ai_review_passed
Conway,214,chapter-07,chunks\conway\p0209-p0216\page-0214.md,chapter-07.md,ai_review_passed
Conway,215,chapter-07,chunks\conway\p0209-p0216\page-0215.md,chapter-07.md,agent_visual_review_passed
Conway,216,chapter-07,chunks\conway\p0209-p0216\page-0216.md,chapter-07.md,ai_review_passed
Conway,217,chapter-07,chunks\conway\p0217-p0224\page-0217.md,chapter-07.md,ai_review_passed
Conway,218,chapter-07,chunks\conway\p0217-p0224\page-0218.md,chapter-07.md,ai_review_passed
Conway,219,chapter-07,chunks\conway\p0217-p0224\page-0219.md,chapter-07.md,ai_repair_passed
Conway,220,chapter-07,chunks\conway\p0217-p0224\page-0220.md,chapter-07.md,ai_review_passed
Conway,221,chapter-07,chunks\conway\p0217-p0224\page-0221.md,chapter-07.md,ai_repair_passed
Conway,222,chapter-07,chunks\conway\p0217-p0224\page-0222.md,chapter-07.md,ai_review_passed
Conway,223,chapter-07,chunks\conway\p0217-p0224\page-0223.md,chapter-07.md,ai_repair_passed
Conway,224,chapter-07,chunks\conway\p0217-p0224\page-0224.md,chapter-07.md,agent_visual_review_passed
Conway,225,chapter-07,chunks\conway\p0225-p0232\page-0225.md,chapter-07.md,ai_repair_passed
Conway,226,chapter-07,chunks\conway\p0225-p0232\page-0226.md,chapter-07.md,ai_review_passed
Conway,227,chapter-07,chunks\conway\p0225-p0232\page-0227.md,chapter-07.md,ai_review_passed
Conway,228,chapter-07,chunks\conway\p0225-p0232\page-0228.md,chapter-07.md,ai_review_passed
Conway,229,chapter-07,chunks\conway\p0225-p0232\page-0229.md,chapter-07.md,ai_review_passed
Conway,230,chapter-07,chunks\conway\p0225-p0232\page-0230.md,chapter-07.md,ai_repair_passed
Conway,231,chapter-07,chunks\conway\p0225-p0232\page-0231.md,chapter-07.md,ai_repair_passed
Conway,232,chapter-07,chunks\conway\p0225-p0232\page-0232.md,chapter-07.md,agent_visual_review_passed
Conway,233,chapter-07,chunks\conway\p0233-p0240\page-0233.md,chapter-07.md,ai_repair_passed
Conway,234,chapter-07,chunks\conway\p0233-p0240\page-0234.md,chapter-07.md,ai_review_passed
Conway,235,chapter-07,chunks\conway\p0233-p0240\page-0235.md,chapter-07.md,ai_review_passed
Conway,236,chapter-07,chunks\conway\p0233-p0240\page-0236.md,chapter-07.md,ai_review_passed
Conway,237,chapter-07,chunks\conway\p0233-p0240\page-0237.md,chapter-07.md,ai_review_passed
Conway,238,chapter-07,chunks\conway\p0233-p0240\page-0238.md,chapter-07.md,ai_review_passed
Conway,239,chapter-07,chunks\conway\p0233-p0240\page-0239.md,chapter-07.md,ai_review_passed
Conway,240,chapter-07,chunks\conway\p0233-p0240\page-0240.md,chapter-07.md,ai_review_passed
Conway,241,chapter-07,chunks\conway\p0241-p0248\page-0241.md,chapter-07.md,ai_review_passed
Conway,242,chapter-07,chunks\conway\p0241-p0248\page-0242.md,chapter-07.md,ai_review_passed
Conway,243,chapter-07,chunks\conway\p0241-p0248\page-0243.md,chapter-07.md,ai_review_passed
Conway,244,chapter-07,chunks\conway\p0241-p0248\page-0244.md,chapter-07.md,ai_review_passed
Conway,245,chapter-07,chunks\conway\p0241-p0248\page-0245.md,chapter-07.md,ai_review_passed
Conway,246,chapter-07,chunks\conway\p0241-p0248\page-0246.md,chapter-07.md,ai_review_passed
Conway,247,chapter-08,chunks\conway\p0241-p0248\page-0247.md,chapter-08.md,ai_review_passed
Conway,248,chapter-08,chunks\conway\p0241-p0248\page-0248.md,chapter-08.md,ai_repair_passed
Conway,249,chapter-08,chunks\conway\p0249-p0256\page-0249.md,chapter-08.md,ai_review_passed
Conway,250,chapter-08,chunks\conway\p0249-p0256\page-0250.md,chapter-08.md,ai_review_passed
Conway,251,chapter-08,chunks\conway\p0249-p0256\page-0251.md,chapter-08.md,ai_review_passed
Conway,252,chapter-08,chunks\conway\p0249-p0256\page-0252.md,chapter-08.md,ai_review_passed
Conway,253,chapter-08,chunks\conway\p0249-p0256\page-0253.md,chapter-08.md,ai_repair_passed
Conway,254,chapter-08,chunks\conway\p0249-p0256\page-0254.md,chapter-08.md,ai_repair_passed
Conway,255,chapter-08,chunks\conway\p0249-p0256\page-0255.md,chapter-08.md,ai_review_passed
Conway,256,chapter-08,chunks\conway\p0249-p0256\page-0256.md,chapter-08.md,ai_review_passed
Conway,257,chapter-08,chunks\conway\p0257-p0264\page-0257.md,chapter-08.md,ai_repair_passed
Conway,258,chapter-08,chunks\conway\p0257-p0264\page-0258.md,chapter-08.md,ai_review_passed
Conway,259,chapter-08,chunks\conway\p0257-p0264\page-0259.md,chapter-08.md,ai_review_passed
Conway,260,chapter-08,chunks\conway\p0257-p0264\page-0260.md,chapter-08.md,ai_review_passed
Conway,261,chapter-08,chunks\conway\p0257-p0264\page-0261.md,chapter-08.md,ai_review_passed
Conway,262,chapter-08,chunks\conway\p0257-p0264\page-0262.md,chapter-08.md,ai_review_passed
Conway,263,chapter-08,chunks\conway\p0257-p0264\page-0263.md,chapter-08.md,ai_repair_passed
Conway,264,chapter-08,chunks\conway\p0257-p0264\page-0264.md,chapter-08.md,ai_review_passed
Conway,265,chapter-08,chunks\conway\p0265-p0272\page-0265.md,chapter-08.md,ai_repair_passed
Conway,266,chapter-08,chunks\conway\p0265-p0272\page-0266.md,chapter-08.md,ai_repair_passed
Conway,267,chapter-08,chunks\conway\p0265-p0272\page-0267.md,chapter-08.md,ai_review_passed
Conway,268,chapter-08,chunks\conway\p0265-p0272\page-0268.md,chapter-08.md,ai_repair_passed
Conway,269,chapter-08,chunks\conway\p0265-p0272\page-0269.md,chapter-08.md,ai_review_passed
Conway,270,chapter-09,chunks\conway\p0265-p0272\page-0270.md,chapter-09.md,ai_review_passed
Conway,271,chapter-09,chunks\conway\p0265-p0272\page-0271.md,chapter-09.md,ai_review_passed
Conway,272,chapter-09,chunks\conway\p0265-p0272\page-0272.md,chapter-09.md,ai_repair_passed
Conway,273,chapter-09,chunks\conway\p0273-p0280\page-0273.md,chapter-09.md,ai_repair_passed
Conway,274,chapter-09,chunks\conway\p0273-p0280\page-0274.md,chapter-09.md,ai_review_passed
Conway,275,chapter-09,chunks\conway\p0273-p0280\page-0275.md,chapter-09.md,ai_repair_passed
Conway,276,chapter-09,chunks\conway\p0273-p0280\page-0276.md,chapter-09.md,ai_review_passed
Conway,277,chapter-09,chunks\conway\p0273-p0280\page-0277.md,chapter-09.md,ai_review_passed
Conway,278,chapter-09,chunks\conway\p0273-p0280\page-0278.md,chapter-09.md,ai_review_passed
Conway,279,chapter-09,chunks\conway\p0273-p0280\page-0279.md,chapter-09.md,ai_review_passed
Conway,280,chapter-09,chunks\conway\p0273-p0280\page-0280.md,chapter-09.md,ai_review_passed
Conway,281,chapter-09,chunks\conway\p0281-p0288\page-0281.md,chapter-09.md,ai_review_passed
Conway,282,chapter-09,chunks\conway\p0281-p0288\page-0282.md,chapter-09.md,agent_visual_review_passed
Conway,283,chapter-09,chunks\conway\p0281-p0288\page-0283.md,chapter-09.md,ai_review_passed
Conway,284,chapter-09,chunks\conway\p0281-p0288\page-0284.md,chapter-09.md,ai_review_passed
Conway,285,chapter-09,chunks\conway\p0281-p0288\page-0285.md,chapter-09.md,ai_review_passed
Conway,286,chapter-09,chunks\conway\p0281-p0288\page-0286.md,chapter-09.md,ai_review_passed
Conway,287,chapter-09,chunks\conway\p0281-p0288\page-0287.md,chapter-09.md,ai_review_passed
Conway,288,chapter-09,chunks\conway\p0281-p0288\page-0288.md,chapter-09.md,ai_review_passed
Conway,289,chapter-09,chunks\conway\p0289-p0296\page-0289.md,chapter-09.md,ai_review_passed
Conway,290,chapter-09,chunks\conway\p0289-p0296\page-0290.md,chapter-09.md,ai_review_passed
Conway,291,chapter-09,chunks\conway\p0289-p0296\page-0291.md,chapter-09.md,ai_review_passed
Conway,292,chapter-09,chunks\conway\p0289-p0296\page-0292.md,chapter-09.md,ai_review_passed
Conway,293,chapter-09,chunks\conway\p0289-p0296\page-0293.md,chapter-09.md,ai_repair_passed
Conway,294,chapter-09,chunks\conway\p0289-p0296\page-0294.md,chapter-09.md,ai_review_passed
Conway,295,chapter-09,chunks\conway\p0289-p0296\page-0295.md,chapter-09.md,ai_review_passed
Conway,296,chapter-09,chunks\conway\p0289-p0296\page-0296.md,chapter-09.md,ai_review_passed
Conway,297,chapter-09,chunks\conway\p0297-p0304\page-0297.md,chapter-09.md,ai_review_passed
Conway,298,chapter-09,chunks\conway\p0297-p0304\page-0298.md,chapter-09.md,ai_review_passed
Conway,299,chapter-09,chunks\conway\p0297-p0304\page-0299.md,chapter-09.md,ai_review_passed
Conway,300,chapter-09,chunks\conway\p0297-p0304\page-0300.md,chapter-09.md,ai_review_passed
Conway,301,chapter-09,chunks\conway\p0297-p0304\page-0301.md,chapter-09.md,ai_review_passed
Conway,302,chapter-09,chunks\conway\p0297-p0304\page-0302.md,chapter-09.md,ai_repair_passed
Conway,303,chapter-09,chunks\conway\p0297-p0304\page-0303.md,chapter-09.md,ai_review_passed
Conway,304,chapter-09,chunks\conway\p0297-p0304\page-0304.md,chapter-09.md,ai_review_passed
Conway,305,chapter-09,chunks\conway\p0305-p0312\page-0305.md,chapter-09.md,ai_review_passed
Conway,306,chapter-09,chunks\conway\p0305-p0312\page-0306.md,chapter-09.md,ai_review_passed
Conway,307,chapter-09,chunks\conway\p0305-p0312\page-0307.md,chapter-09.md,ai_repair_passed
Conway,308,chapter-09,chunks\conway\p0305-p0312\page-0308.md,chapter-09.md,agent_visual_review_passed
Conway,309,chapter-09,chunks\conway\p0305-p0312\page-0309.md,chapter-09.md,agent_visual_review_passed
Conway,310,chapter-09,chunks\conway\p0305-p0312\page-0310.md,chapter-09.md,ai_review_passed
Conway,311,chapter-09,chunks\conway\p0305-p0312\page-0311.md,chapter-09.md,agent_visual_review_passed
Conway,312,chapter-09,chunks\conway\p0305-p0312\page-0312.md,chapter-09.md,ai_review_passed
Conway,313,chapter-09,chunks\conway\p0313-p0320\page-0313.md,chapter-09.md,ai_review_passed
Conway,314,chapter-09,chunks\conway\p0313-p0320\page-0314.md,chapter-09.md,ai_review_passed
Conway,315,chapter-09,chunks\conway\p0313-p0320\page-0315.md,chapter-09.md,ai_review_passed
Conway,316,chapter-09,chunks\conway\p0313-p0320\page-0316.md,chapter-09.md,agent_visual_review_passed
Conway,317,chapter-09,chunks\conway\p0313-p0320\page-0317.md,chapter-09.md,ai_review_passed
Conway,318,chapter-10,chunks\conway\p0313-p0320\page-0318.md,chapter-10.md,ai_review_passed
Conway,319,chapter-10,chunks\conway\p0313-p0320\page-0319.md,chapter-10.md,agent_visual_review_passed
Conway,320,chapter-10,chunks\conway\p0313-p0320\page-0320.md,chapter-10.md,agent_visual_review_passed
Conway,321,chapter-10,chunks\conway\p0321-p0328\page-0321.md,chapter-10.md,ai_review_passed
Conway,322,chapter-10,chunks\conway\p0321-p0328\page-0322.md,chapter-10.md,agent_visual_review_passed
Conway,323,chapter-10,chunks\conway\p0321-p0328\page-0323.md,chapter-10.md,ai_review_passed
Conway,324,chapter-10,chunks\conway\p0321-p0328\page-0324.md,chapter-10.md,ai_review_passed
Conway,325,chapter-10,chunks\conway\p0321-p0328\page-0325.md,chapter-10.md,ai_review_passed
Conway,326,chapter-10,chunks\conway\p0321-p0328\page-0326.md,chapter-10.md,ai_review_passed
Conway,327,chapter-10,chunks\conway\p0321-p0328\page-0327.md,chapter-10.md,ai_review_passed
Conway,328,chapter-10,chunks\conway\p0321-p0328\page-0328.md,chapter-10.md,agent_visual_review_passed
Conway,329,chapter-10,chunks\conway\p0329-p0336\page-0329.md,chapter-10.md,agent_visual_review_passed
Conway,330,chapter-10,chunks\conway\p0329-p0336\page-0330.md,chapter-10.md,agent_visual_review_passed
Conway,331,chapter-10,chunks\conway\p0329-p0336\page-0331.md,chapter-10.md,ai_review_passed
Conway,332,chapter-10,chunks\conway\p0329-p0336\page-0332.md,chapter-10.md,ai_review_passed
Conway,333,chapter-10,chunks\conway\p0329-p0336\page-0333.md,chapter-10.md,ai_review_passed
Conway,334,chapter-10,chunks\conway\p0329-p0336\page-0334.md,chapter-10.md,ai_review_passed
Conway,335,chapter-10,chunks\conway\p0329-p0336\page-0335.md,chapter-10.md,ai_review_passed
Conway,336,chapter-10,chunks\conway\p0329-p0336\page-0336.md,chapter-10.md,ai_review_passed
Conway,337,chapter-10,chunks\conway\p0337-p0344\page-0337.md,chapter-10.md,ai_review_passed
Conway,338,chapter-10,chunks\conway\p0337-p0344\page-0338.md,chapter-10.md,ai_review_passed
Conway,339,chapter-10,chunks\conway\p0337-p0344\page-0339.md,chapter-10.md,agent_visual_review_passed
Conway,340,chapter-10,chunks\conway\p0337-p0344\page-0340.md,chapter-10.md,ai_review_passed
Conway,341,chapter-10,chunks\conway\p0337-p0344\page-0341.md,chapter-10.md,ai_review_passed
Conway,342,chapter-10,chunks\conway\p0337-p0344\page-0342.md,chapter-10.md,ai_review_passed
Conway,343,chapter-10,chunks\conway\p0337-p0344\page-0343.md,chapter-10.md,agent_visual_review_passed
Conway,344,chapter-10,chunks\conway\p0337-p0344\page-0344.md,chapter-10.md,ai_review_passed
Conway,345,chapter-10,chunks\conway\p0345-p0352\page-0345.md,chapter-10.md,agent_visual_review_passed
Conway,346,chapter-10,chunks\conway\p0345-p0352\page-0346.md,chapter-10.md,ai_review_passed
Conway,347,chapter-10,chunks\conway\p0345-p0352\page-0347.md,chapter-10.md,agent_visual_review_passed
Conway,348,chapter-10,chunks\conway\p0345-p0352\page-0348.md,chapter-10.md,ai_review_passed
Conway,349,chapter-10,chunks\conway\p0345-p0352\page-0349.md,chapter-10.md,agent_visual_review_passed
Conway,350,chapter-10,chunks\conway\p0345-p0352\page-0350.md,chapter-10.md,ai_review_passed
Conway,351,chapter-10,chunks\conway\p0345-p0352\page-0351.md,chapter-10.md,agent_visual_review_passed
Conway,352,chapter-10,chunks\conway\p0345-p0352\page-0352.md,chapter-10.md,agent_visual_review_passed
Conway,353,chapter-10,chunks\conway\p0353-p0360\page-0353.md,chapter-10.md,ai_review_passed
Conway,354,chapter-10,chunks\conway\p0353-p0360\page-0354.md,chapter-10.md,ai_review_passed
Conway,355,chapter-10,chunks\conway\p0353-p0360\page-0355.md,chapter-10.md,agent_visual_review_passed
Conway,356,chapter-10,chunks\conway\p0353-p0360\page-0356.md,chapter-10.md,ai_review_passed
Conway,357,chapter-10,chunks\conway\p0353-p0360\page-0357.md,chapter-10.md,ai_review_passed
Conway,358,chapter-10,chunks\conway\p0353-p0360\page-0358.md,chapter-10.md,ai_review_passed
Conway,359,chapter-10,chunks\conway\p0353-p0360\page-0359.md,chapter-10.md,agent_visual_review_passed
Conway,360,chapter-10,chunks\conway\p0353-p0360\page-0360.md,chapter-10.md,agent_visual_review_passed
Conway,361,chapter-10,chunks\conway\p0361-p0368\page-0361.md,chapter-10.md,ai_review_passed
Conway,362,chapter-11,chunks\conway\p0361-p0368\page-0362.md,chapter-11.md,ai_review_passed
Conway,363,chapter-11,chunks\conway\p0361-p0368\page-0363.md,chapter-11.md,agent_visual_review_passed
Conway,364,chapter-11,chunks\conway\p0361-p0368\page-0364.md,chapter-11.md,ai_review_passed
Conway,365,chapter-11,chunks\conway\p0361-p0368\page-0365.md,chapter-11.md,agent_visual_review_passed
Conway,366,chapter-11,chunks\conway\p0361-p0368\page-0366.md,chapter-11.md,agent_visual_review_passed
Conway,367,chapter-11,chunks\conway\p0361-p0368\page-0367.md,chapter-11.md,ai_review_passed
Conway,368,chapter-11,chunks\conway\p0361-p0368\page-0368.md,chapter-11.md,ai_review_passed
Conway,369,chapter-11,chunks\conway\p0369-p0376\page-0369.md,chapter-11.md,ai_review_passed
Conway,370,chapter-11,chunks\conway\p0369-p0376\page-0370.md,chapter-11.md,agent_visual_review_passed
Conway,371,chapter-11,chunks\conway\p0369-p0376\page-0371.md,chapter-11.md,agent_visual_review_passed
Conway,372,chapter-11,chunks\conway\p0369-p0376\page-0372.md,chapter-11.md,ai_review_passed
Conway,373,chapter-11,chunks\conway\p0369-p0376\page-0373.md,chapter-11.md,agent_visual_review_passed
Conway,374,chapter-11,chunks\conway\p0369-p0376\page-0374.md,chapter-11.md,ai_review_passed
Conway,375,chapter-11,chunks\conway\p0369-p0376\page-0375.md,chapter-11.md,ai_review_passed
Conway,376,chapter-11,chunks\conway\p0369-p0376\page-0376.md,chapter-11.md,ai_review_passed
Conway,377,chapter-11,chunks\conway\p0377-p0384\page-0377.md,chapter-11.md,ai_review_passed
Conway,378,chapter-11,chunks\conway\p0377-p0384\page-0378.md,chapter-11.md,ai_review_passed
Conway,379,chapter-11,chunks\conway\p0377-p0384\page-0379.md,chapter-11.md,ai_review_passed
Conway,380,chapter-11,chunks\conway\p0377-p0384\page-0380.md,chapter-11.md,ai_review_passed
Conway,381,chapter-11,chunks\conway\p0377-p0384\page-0381.md,chapter-11.md,ai_review_passed
Conway,382,chapter-11,chunks\conway\p0377-p0384\page-0382.md,chapter-11.md,ai_review_passed
Conway,383,chapter-11,chunks\conway\p0377-p0384\page-0383.md,chapter-11.md,ai_review_passed
Conway,384,appendix-a,chunks\conway\p0377-p0384\page-0384.md,appendix-a.md,ai_review_passed
Conway,385,appendix-a,chunks\conway\p0385-p0392\page-0385.md,appendix-a.md,ai_review_passed
Conway,386,appendix-a,chunks\conway\p0385-p0392\page-0386.md,appendix-a.md,agent_visual_review_passed
Conway,387,appendix-a,chunks\conway\p0385-p0392\page-0387.md,appendix-a.md,ai_review_passed
Conway,388,appendix-a,chunks\conway\p0385-p0392\page-0388.md,appendix-a.md,ai_review_passed
Conway,389,appendix-a,chunks\conway\p0385-p0392\page-0389.md,appendix-a.md,ai_review_passed
Conway,390,appendix-b,chunks\conway\p0385-p0392\page-0390.md,appendix-b.md,ai_review_passed
Conway,391,appendix-b,chunks\conway\p0385-p0392\page-0391.md,appendix-b.md,ai_review_passed
Conway,392,appendix-b,chunks\conway\p0385-p0392\page-0392.md,appendix-b.md,ai_review_passed
Conway,393,appendix-c,chunks\conway\p0393-p0400\page-0393.md,appendix-c.md,ai_review_passed
Conway,394,appendix-c,chunks\conway\p0393-p0400\page-0394.md,appendix-c.md,ai_review_passed
Conway,395,appendix-c,chunks\conway\p0393-p0400\page-0395.md,appendix-c.md,ai_review_passed
Conway,396,appendix-c,chunks\conway\p0393-p0400\page-0396.md,appendix-c.md,ai_review_passed
Conway,397,appendix-c,chunks\conway\p0393-p0400\page-0397.md,appendix-c.md,ai_review_passed
Conway,398,appendix-c,chunks\conway\p0393-p0400\page-0398.md,appendix-c.md,agent_visual_review_passed
Conway,399,bibliography,chunks\conway\p0393-p0400\page-0399.md,bibliography.md,ai_review_passed
Conway,400,bibliography,chunks\conway\p0393-p0400\page-0400.md,bibliography.md,ai_review_passed
Conway,401,bibliography,chunks\conway\p0401-p0408\page-0401.md,bibliography.md,ai_review_passed
Conway,402,bibliography,chunks\conway\p0401-p0408\page-0402.md,bibliography.md,ai_review_passed
Conway,403,bibliography,chunks\conway\p0401-p0408\page-0403.md,bibliography.md,ai_review_passed
Conway,404,bibliography,chunks\conway\p0401-p0408\page-0404.md,bibliography.md,ai_review_passed
Conway,405,bibliography,chunks\conway\p0401-p0408\page-0405.md,bibliography.md,agent_visual_review_passed
Conway,406,bibliography,chunks\conway\p0401-p0408\page-0406.md,bibliography.md,agent_visual_review_passed
Conway,407,bibliography,chunks\conway\p0401-p0408\page-0407.md,bibliography.md,agent_visual_review_passed
Conway,408,bibliography,chunks\conway\p0401-p0408\page-0408.md,bibliography.md,agent_visual_review_passed
Conway,409,index,chunks\conway\p0409-p0416\page-0409.md,index.md,ai_review_passed
Conway,410,index,chunks\conway\p0409-p0416\page-0410.md,index.md,ai_review_passed
Conway,411,index,chunks\conway\p0409-p0416\page-0411.md,index.md,ai_review_passed
Conway,412,index,chunks\conway\p0409-p0416\page-0412.md,index.md,ai_review_passed
Conway,413,index,chunks\conway\p0409-p0416\page-0413.md,index.md,ai_review_passed
Conway,414,index,chunks\conway\p0409-p0416\page-0414.md,index.md,agent_visual_review_passed
Conway,415,index,chunks\conway\p0409-p0416\page-0415.md,index.md,ai_review_passed
Conway,416,index,chunks\conway\p0409-p0416\page-0416.md,index.md,ai_review_passed
